french	meaning_en	ipa	part_of_speech	gender	frequency_rank	example_fr	example_en
laisser	to let	/lɛse/	verb		134	Veuillez me laisser m'expliquer, je vous prie.	Please let me explain.
truc	thing	/tʁyk/	noun	m	178	Tu fais ton truc, je ferai le mien.	You do your thing, I'll do mine.
mec	guy	/mɛk/	noun	m	198	As-tu déjà embrassé un autre mec ?	Have you ever kissed another guy?
chance	chance	/ʃɑ̃s/	noun	f	210	Nous n'avons pas eu la moindre chance.	We never got the chance.
importer	to import	/ɛ̃pɔʁte/	verb		247	Je ne peux importer que des fichiers GIF.	I can only import GIF files.
utiliser	to use	/ytilize/	verb		259	Il me laissa utiliser sa machine à écrire.	He let me use his typewriter.
bébé	baby	/bebe/	noun	m	272	Nous venons de donner à manger au bébé.	We just fed the baby.
écoute	listening	/ekut/	noun	f	282	Merci pour votre écoute.	Thank you for listening.
dur	hard	/dyʁ/	adjective		303	C'était aussi dur que de la pierre.	It was as hard as rock.
tellement	so	/tɛlmɑ̃/	adverb		318	Il arrive que les enfants soient tellement méchants.	Kids can be so mean.
boulot	job	/bulo/	noun	m	348	Je veux qu'on me rende mon boulot.	I want my job back.
prochain	next	/pʁɔʃɛ̃/	adjective		366	Je vais acheter une voiture le mois prochain.	I will buy a car next month.
génial	brilliant	/ʒenjal/	adjective		373	Aucun autre élève de la classe n'est aussi génial que lui.	No other student in the class is as brilliant as he is.
film	movie	/film/	noun	m	374	Je n'arrive pas à voir le film.	I can't see the movie.
inquiet	worried	/ɛ̃kjɛ/	adjective		393	Je ne suis pas inquiet pour l'argent.	I'm not worried about money.
sécurité	safety	/sekyʁite/	noun	f	396	La sécurité est la chose la plus importante.	Safety is what matters most.
numéro	number	/nymeʁo/	noun	m	398	Je lui ai donné mon numéro de téléphone.	I gave him my phone number.
exactement	exactly	/ɛgzaktəmɑ̃/	adverb		400	C'est exactement ce que j'ai fait.	That's exactly what I did.
valoir	to be worth	/valwaʁ/	verb		418	Tom n'a pas été payé autant qu'il pensait valoir.	Tom didn't get paid as much as he thought he was worth.
gentil	good	/ʒɑ̃ti/	adjective		425	T'as toujours été si gentil avec moi.	You've always been so good to me.
supposer	to guess	/sypoze/	verb		431	Je ne fais que supposer.	I'm just guessing.
sérieux	serious	/seʁjø/	adjective		442	Je sais que tu n'es pas sérieux.	I know you're not serious.
second	second	/səgɔ̃/	adjective		452	Je suis le second de trois enfants.	I'm the second oldest of three children.
pire	worse	/piʁ/	adjective		462	C'est pire que je ne le pensais.	It's worse than I thought.
bizarre	strange	/bizaʁ/	adjective		474	Je veux te dire quelque chose de bizarre.	I want to tell you a strange thing.
dollar	dollar	/dɔlaʁ/	noun	m	475	As-tu la monnaie d'un dollar ?	Do you have change for a dollar?
erreur	mistake	/ɛʁœʁ/	noun	f	493	Je sais que j'ai fait une erreur.	I know I made a mistake.
appel	call	/apɛl/	noun	m	497	Il faut juste que je passe un appel.	I just have to make a call.
idiot	idiot	/idjo/	noun	m	498	J'aimerais ne pas être un tel idiot.	I wish I wasn't such an idiot.
ferme	firm	/fɛʁm/	adjective		499	Il a une poignée de main ferme.	He has a good firm handshake.
message	message	/mesaʒ/	noun	m	501	Je n'arrive pas à décoder le message.	I can't decode the message.
dîner	to dine	/dine/	verb		502	J'ai rendez-vous avec lui pour dîner.	I have an appointment to dine with him.
avocat	lawyer	/avɔka/	noun	m	507	Peut-être ai-je besoin d'un avocat.	Maybe I need a lawyer.
hôpital	hospital	/ɔpital/	noun	m	518	J'ai envie de travailler dans un hôpital.	I want to work in a hospital.
clair	light	/klɛʁ/	adjective		521	J'ai peint le toit en bleu clair.	I painted the roof light blue.
tôt	early	/to/	adverb		523	Je me suis levé tôt, comme d'habitude.	I got up early as usual.
terminer	to finish	/tɛʁmine/	verb		532	Je fis un effort pour terminer mon travail.	I made an effort to finish my work.
sûrement	surely	/syʁmɑ̃/	adverb		533	Le jour viendra sûrement où tes rêves se réaliseront.	The day will surely come when your dreams will come true.
blesser	to hurt	/blɛse/, /blese/	verb		536	Il craignait qu'il puisse blesser ses sentiments.	He was afraid that he might hurt her feelings.
soirée	evening	/swaʁe/	noun	f	547	De la pluie est prévue dans la soirée.	Rain is forecast for this evening.
sac	bag	/sak/	noun	m	554	Qu'y a-t-il dans le sac ?	What's in the bag?
normal	normal	/nɔʁmal/	adjective		572	Ce n'est pas tout à fait normal.	It's not quite normal.
jurer	to swear	/ʒyʁe/	verb		592	Ils m'ont appris à jurer.	They just taught me to swear.
honneur	honor	/ɔnœʁ/	noun	m	594	C'est un véritable honneur que de vous rencontrer.	It's a real honor to meet you.
sale	dirty	/sal/	adjective		595	Ça me donne l'impression d'être sale.	It makes me feel dirty.
clé	key	/kle/	noun	f	596	Je veux qu'on me rende ma clé.	I want my key back.
début	start	/deby/	noun	m	603	Pourquoi ne commençons-nous pas par le début ?	Why don't we start at the beginning?
cadeau	present	/kado/	noun	m	604	Je leur ai acheté un cadeau à chacun.	I bought them each a present.
accident	accident	/aksidɑ̃/	noun	m	616	Il a eu un accident de la circulation.	He had a traffic accident.
patron	boss	/patʁɔ̃/	noun	m	619	Je lui ai montré qui était le patron.	I showed him who's boss.
remercier	to thank	/ʁəmɛʁsje/	verb		621	Je ne sais pas comment te remercier assez.	I don't know how to thank you enough.
armé	armed	/aʁme/	adjective		628	Il est armé jusqu'aux dents.	He is armed to the teeth.
relation	relationship	/ʁəlasjɔ̃/	noun	f	634	Je ne suis pas intéressé par une relation.	I'm not interested in a relationship.
incroyable	incredible	/ɛ̃kʁwajabl/	adjective		635	Cette histoire est trop incroyable pour être vraie.	That story is too incredible to be true.
stupide	stupid	/stypid/	adjective		638	Je ne suis pas stupide à ce point !	I'm not that stupid!
réfléchir	to think	/ʁefleʃiʁ/	verb		642	Donne-moi un peu de temps pour réfléchir.	Give me some time to think.
spécial	special	/spesjal/	adjective		653	Avez-vous un menu spécial pour les végétariens ?	Do you have a special menu for vegetarians?
couper	to cut	/kupe/	verb		656	Elle s'est fait couper les cheveux court.	She had her hair cut short.
probablement	probably	/pʁɔbabləmɑ̃/	adverb		657	Je sais que je ne gagnerai probablement pas.	I know I probably won't win.
liste	list	/list/	noun	f	668	Vous n'avez pas besoin d'une liste.	You don't need a list.
magnifique	magnificent	/maɲifik/	adjective		670	C'est une vue magnifique, n'est-ce pas ?	It's a magnificent view, isn't it?
contrôle	control	/kɔ̃tʁol/	noun	m	671	J'ai pris le contrôle de la situation.	I took control of the situation.
anniversaire	birthday	/anivɛʁsɛʁ/	noun	m	676	Peut-être a-t-elle oublié mon anniversaire.	Maybe she forgot my birthday.
simplement	just	/sɛ̃pləmɑ̃/	adverb		678	Je ne peux simplement pas m'en empêcher.	I just can't help it.
sympa	nice	/sɛ̃pa/	adjective		679	Regarder les oiseaux est un loisir sympa.	Bird watching is a nice hobby.
prouver	to prove	/pʁuve/	verb		681	Je veux prouver que je peux le faire.	I want to prove I can do this.
discuter	to discuss	/diskyte/	verb		687	Nous devons en discuter de manière plus approfondie.	We need to discuss this further.
dangereux	dangerous	/dɑ̃ʒʁø/	adjective		688	Je t'ai dit que c'était dangereux.	I told you it was dangerous.
complètement	completely	/kɔ̃plɛtmɑ̃/	adverb		690	Elle est complètement sourde de l'oreille gauche.	She is completely deaf in her left ear.
impression	impression	/ɛ̃pʁesjɔ̃/	noun	f	699	Ma première impression sur lui s'avéra correcte.	My first impression of him proved to be correct.
chanson	song	/ʃɑ̃sɔ̃/	noun	f	700	Chante-nous une chanson, s'il te plaît.	Sing us a song, please.
montre	watch	/mɔ̃tʁ/	noun	f	702	J'ai laissé ma montre à la maison.	I left my watch at home.
mission	mission	/misjɔ̃/	noun	f	703	J'ai pris la tête de cette mission.	I led that mission.
censé	supposed to be	/sɑ̃se/	adjective		708	Ce n'était pas censé être comme ça.	It wasn't supposed to be this way.
dame	lady	/dam/	noun	f	710	La dame a plus de quatre vingts ans.	The lady is over eighty.
personnel	personal	/pɛʁsɔnɛl/	adjective		713	Puis-je vous demander quelque chose de personnel ?	Can I ask you something personal?
faim	hunger	/fɛ̃/	noun	f	719	La faim est le meilleur des cuisiniers.	Hunger is the best sauce.
bateau	ship	/bato/	noun	m	720	Personne ne se trouvait à bord du bateau.	No one was on board the ship.
exact	right	/ɛgzakt/, /ɛgza/	adjective		722	Ce n'est pas tout à fait exact.	That's not quite right.
inviter	to invite	/ɛ̃vite/	verb		726	Vous pouvez inviter d'autres personnes.	You can invite other people.
décision	decision	/desizjɔ̃/	noun	f	727	Ça n'a pas été une décision facile.	It was not an easy decision.
boîte	box	/bwat/	noun	f	733	Qu'y a-t-il dans cette boîte?	What's in that box?
excuser	to excuse	/ɛkskyze/	verb		734	Je ne peux pas excuser sa paresse.	I can't excuse his laziness.
casser	to break	/kase/	verb		735	Je n'arrive pas à casser ce code.	I can't break this code.
attaque	attack	/atak/	noun	f	740	La première attaque a manqué la cible.	The first attack missed the target.
risque	risk	/ʁisk/	noun	m	744	C'est un risque que nous devrons prendre.	It's a risk we'll have to take.
club	club	/klœb/	noun	m	746	Je suis membre de ce club de tennis.	I'm in the tennis club.
professeur	teacher	/pʁɔfɛsœʁ/	noun	m	751	Il parle comme s'il était un professeur.	He talks as if he were a teacher.
manière	way	/manjɛʁ/	noun	f	756	Il y a une manière de le faire.	There's a way to do it.
gosse	kid	/gɔs/	noun	f	757	Elle a acheté un jouet pour le gosse.	She bought a toy for the kid.
signifier	to mean	/siɲifje/	verb		758	Qu'est-ce que tout ça pourrait signifier ?	What could it all mean?
bar	bar	/baʁ/	noun	m	762	On se retrouve au bar de l'hôtel !	Meet me at the hotel bar.
intéressant	interesting	/ɛ̃teʁɛsɑ̃/	adjective		770	J'ai lu un article intéressant ce matin.	I read an interesting article this morning.
moitié	half	/mwatje/	noun	f	778	Je ne suis souvent qu'à moitié réveillé.	I'm often only half awake.
déjeuner	to eat	/deʒœne/	verb		780	Qu'avez-vous mangé pour le petit-déjeuner ?	What did you eat for breakfast?
souhaiter	to want	/swete/	verb		790	Je veux juste vous souhaiter un joyeux Noël.	I just want to wish you a merry Christmas.
enquête	investigation	/ɑ̃kɛt/	noun	f	791	Vous faites l'objet d'une enquête.	You're under investigation.
voie	way	/vwa/	noun	f	792	Nous sommes en bonne voie pour y parvenir.	We're well on our way to making that happen.
attraper	to catch	/atʁape/	verb		795	Nous nous sommes dépêchés pour attraper le bus.	We hurried to catch the bus.
trou	hole	/tʁu/	noun	m	796	Est-ce un trou causé par une balle ?	Is that a bullet hole?
but	goal	/by/, /byt/	noun	m	798	Quel est votre but ultime dans la vie ?	What is your ultimate goal in your life?
retirer	to take back	/ʁətiʁe/	verb		803	Peux-tu retirer le couvercle de cette boîte ?	Can you take the lid off this box?
signer	to sign	/siɲe/	verb		806	Pouvez-vous signer ici, s'il vous plaît ?	Could you sign here, please?
virer	to fire	/viʁe/	verb		812	Ils veulent juste une excuse pour te virer.	They just want an excuse to fire you.
mien	mine	/mjɛ̃/	adjective		819	Tu fais ton truc, je ferai le mien.	You do your thing, I'll do mine.
animal	animal	/animal/	noun	m	823	Un chien peut être parfois un animal dangereux.	A dog is sometimes a dangerous animal.
rater	to miss	/ʁate/	verb		824	Plus vite, ou nous allons rater le train.	Hurry up, or we'll miss the train.
contact	contact	/kɔ̃takt/	noun	m	833	On m'a dit de prendre contact avec vous.	I was told to contact you.
compagnie	company	/kɔ̃paɲi/	noun	f	836	Il n'est pas de très bonne compagnie.	He is not very good company.
coupable	guilty	/kupabl/	adjective		838	Pour autant que je sache, il est coupable.	As far as I know, he's guilty.
chasser	to hunt	/ʃase/	verb		842	Il est allé chasser dans les bois.	He went hunting in the woods.
test	test	/tɛst/	noun	m	844	Un test A.D.N. prouva son innocence.	A DNA test showed he was innocent.
merveilleux	wonderful	/mɛʁvɛjø/	adjective		854	C'est merveilleux d'être de retour.	It's wonderful to be back.
bière	beer	/bjɛʁ/	noun	f	855	Je suis en train de boire une bière.	I'm drinking a beer.
parier	to bet	/paʁje/	verb		859	Voulez-vous parier là-dessus ?	Do you want to bet on that?
excellent	excellent	/ɛkselɑ̃/, /ɛksel/	adjective		861	Cela ressemble en effet à un plan excellent.	It does seem like an excellent plan.
tombe	grave	/tɔ̃b/	noun	f	869	Je suis allé sur la tombe de mon père.	I visited my father's grave.
horrible	horrible	/ɔʁibl/	adjective		871	J'ai eu une horrible journée, au travail.	I had a horrible day at work.
cerveau	brain	/sɛʁvo/	noun	m	873	Je te l'expliquerais, mais ton cerveau exploserait.	I'd explain it to you, but your brain would explode.
course	run	/kuʁs/	noun	f	874	Cette course de vingt kilomètres m'a vraiment lessivé.	That twenty-kilometer run really wiped me out.
traiter	to deal with	/tʁɛte/	verb		880	Vous devez les traiter avec davantage de considération.	You must treat them with more consideration.
base	base	/baz/	noun	f	881	Il y a une base militaire à proximité.	There is a military base near here.
intelligent	intelligent	/ɛ̃teliʒɑ̃/	adjective		884	Je ne suis pas plus intelligent que lui.	I'm not as intelligent as he is.
dommage	pity	/dɔmaʒ/	noun	m	889	Quel dommage qu'elle ne puisse pas venir !	What a pity she can't come!
expérience	experience	/ɛkspeʁjɑ̃s/	noun	f	890	C'était une très bonne expérience pour lui.	It was a very good experience for him.
content	happy	/kɔ̃tɑ̃/, /kɔ̃t/	adjective		896	Il m'a demandé si j'étais content.	He asked me if I were happy.
vol	flight	/vɔl/	noun	m	899	Est-ce que le vol 123 a été retardé ?	Has Flight 123 been delayed?
fonctionner	to work	/fɔ̃ksjɔne/	verb		905	Mon poste de télévision a cessé de fonctionner.	My TV has quit working.
caméra	movie camera	/kameʁa/	noun	f	908	Cette caméra est moins chère que celle-là.	This camera is less expensive than that one.
pardonner	to forgive	/paʁdɔne/	verb		921	J'espère que vous pouvez me pardonner.	I hope you can forgive me.
honte	shame	/ʼɔ̃t/	noun	f	924	Être pauvre n'est pas une honte.	There is no shame in being poor.
supporter	to put up with	/sypɔʁte/, /sypɔʁtɛʁ/	verb		929	Je ne peux pas supporter tout ce bruit.	I can't put up with all that noise.
copain	friend	/kɔpɛ̃/	noun	m	931	Je laisse mon copain copier mes devoirs.	I let my friend copy my homework.
urgence	emergency	/yʁʒɑ̃s/	noun	f	935	Il ne s'agit pas d'une urgence.	It's not an emergency.
inutile	useless	/inytil/	adjective		939	Il est inutile de faire une grève maintenant.	It is useless to go on strike now.
trace	trace	/tʁas/	noun	f	942	Il n'y avait pas trace de lui.	There was no trace of him.
bain	bath	/bɛ̃/	noun	m	944	Je suis en train de prendre mon bain.	I'm taking a bath.
commandant	commander	/kɔmɑ̃dɑ̃/	noun	m	950	Ils commençaient à perdre foi en leur commandant.	They were beginning to lose faith in their commander.
position	position	/pozisjɔ̃/	noun	f	954	Je te prie de comprendre ma position.	Please understand my position.
danse	dance	/dɑ̃s/	noun	f	955	Il veut étudier la musique et la danse.	He wants to study music and dance.
niveau	level	/nivo/	noun	m	958	Le niveau de la rivière s'est élevé.	The river's water level has risen.
regretter	to regret	/ʁəgʁɛte/	verb		959	Je ne veux pas regretter quoi que ce soit.	I don't want to regret anything.
ennui	trouble	/ɑ̃nɥi/	noun	m	960	Nous ne voulons causer aucun ennui.	We don't want to cause any trouble.
invité	guest	/ɛ̃vite/	noun	m	965	J'aimerais que tu sois mon invité, ce soir.	I'd like you to be my guest tonight.
radio	radio	/ʁadjo/	noun	f	967	Elle a baissé le son de la radio.	She turned down the radio.
toilette	toilet	/twalɛt/	noun	f	969	Il n'y a pas de papier toilette.	There's no toilet paper.
tort	wrong	/tɔʁ/	noun	m	971	Il se rendit compte qu'il avait tort.	He saw that he was wrong.
tenter	to try	/tɑ̃te/	verb		973	Merci de ne pas tenter cela chez nous.	Please do not try this at home.
reposer	to rest	/ʁəpoze/	verb		985	Je restai à la maison pour me reposer.	I stayed home to rest.
chat	cat	/ʃa/, /tʃat/	noun	m	987	Le chat s'est assis sur le tapis.	The cat sat on the mat.
espoir	hope	/ɛspwaʁ/	noun	m	989	Penses-tu qu'il y ait un espoir ?	Do you think there's a hope?
héros	hero	/ʼeʁo/	noun	m	992	Chaque petit garçon a besoin d'un héros.	Every little boy needs a hero.
match	match	/matʃ/	noun	m	993	J'ai vu le match à la télévision.	I saw the match on television.
charge	charge	/ʃaʁʒ/	noun	f	994	Tu ne devras pas prendre cela en charge.	You won't have to take charge of that.
directeur	manager	/diʁɛktœʁ/	noun	m	996	En réalité, il n'est pas le directeur.	He is actually not the manager.
sauter	to jump	/sote/	verb		1000	Essaie de voir jusqu'où tu peux sauter.	Try to see how far you can jump.
remplir	to fill up	/ʁɑ̃pliʁ/	verb		1001	Veuillez, s'il vous plait, remplir ce formulaire ?	Would you please fill out this form?
ridicule	ridiculous	/ʁidikyl/	adjective		1003	Ce n'est pas si ridicule que cela.	It's not all that ridiculous.
approche	approach	/apʁɔʃ/	noun	f	1004	C'est une bonne approche.	That's a good approach.
morceau	bit	/mɔʁso/	noun	m	1008	J'aimerais un petit morceau de gâteau.	I'd like a little bit of cake.
note	note	/nɔt/	noun	f	1009	J'ai foiré la toute première note.	I screwed up the very first note.
coûter	to cost	/kute/	verb		1010	Combien est-ce que cela va me coûter ?	How much is that going to cost me?
colonel	colonel	/kɔlɔnɛl/	noun	m	1011	Il tient le rang de colonel.	He holds the rank of colonel.
futur	future	/fytyʁ/	adjective		1012	L'éducation est un investissement pour le futur.	Education is an investment in the future.
dent	tooth	/dɑ̃/	noun	f	1013	Lorsque je mords, cette dent me fait mal.	When I bite down, this tooth hurts.
camion	truck	/kamjɔ̃/	noun	m	1017	Un chien a été écrasé par un camion.	A dog was run over by a truck.
honnête	honest	/ɔnɛt/	adjective		1019	Ce ne doit pas être un homme honnête.	He can't be an honest man.
construire	to build	/kɔ̃stʁɥiʁ/	verb		1020	J'espère construire une nouvelle maison l'année prochaine.	I hope to build a new house next year.
règle	rule	/ʁɛgl/	noun	f	1021	La règle ne s'applique qu'aux étrangers.	The rule only applies to foreigners.
nez	nose	/ne/	noun	m	1022	J'ai envie de me gratter le nez.	I want to scratch my nose.
savon	soap	/savɔ̃/	noun	m	1023	Ils se lavent les mains avec du savon.	They wash their hands with soap.
profiter	to take advantage	/pʁɔfite/	verb		1024	Tu ne dois pas profiter de son innocence.	You must not take advantage of her innocence.
chaussure	shoe	/ʃosyʁ/	noun	f	1025	Il y a un caillou dans ma chaussure.	There's a rock in my shoe.
grandir	to grow up	/gʁɑ̃diʁ/	verb		1026	Tu es encore en train de grandir.	You're still growing.
secours	rescue	/səkuʁ/	noun	m	1029	Personne n'est venu à mon secours.	Nobody came to my rescue.
planète	planet	/planɛt/	noun	f	1030	Nous vivons tous sur la planète Terre.	We all live on planet Earth.
lune	moon	/lyn/	noun	f	1031	Une pleine lune peut être vue ce soir.	A full moon can be seen tonight.
environ	about	/ɑ̃viʁɔ̃/	adverb		1034	Je vis environ à un mille d'ici.	I live about a mile from here.
suivant	next	/sɥivɑ̃/	adjective		1039	J'avais les jambes douloureuses le jour suivant.	I had sore legs the next day.
sexe	gender	/sɛks/	noun	m	1040	Certains poissons sont capables de changer de sexe.	Some fish are able to change their gender.
apparemment	apparently	/apaʁamɑ̃/	adverb		1042	Apparemment le bus est en retard.	Apparently, the bus is late.
sonner	to give a ring	/sɔne/	verb		1044	Personne n'a entendu la cloche sonner.	Nobody heard the bell ring.
église	house of worship	/egliz/	noun	f	1046	Il y a une église derrière chez moi.	There's a church behind my house.
sérieusement	seriously	/seʁjøzmɑ̃/	adverb		1053	Il se pourrait qu'elle soit sérieusement malade.	She might be seriously ill.
défense	defense	/defɑ̃s/	noun	f	1056	Notre équipe de football a une bonne défense.	Our football team has a good defense.
respecter	to respect	/ʁɛspɛkte/	verb		1057	Il est très important de respecter les règles.	It's very important to respect the rules.
vêtement	clothes	/vɛtmɑ̃/	noun	m	1058	J'ai fabriqué ce vêtement moi-même.	I made these clothes myself.
reine	queen	/ʁɛn/	noun	f	1061	La couronne de la Reine était d'or.	The Queen's crown was made of gold.
programme	program	/pʁɔgʁam/	noun	m	1063	Nous avons vu un nouveau programme à la télévision.	We watched a new program on television.
souci	worry	/susi/	noun	m	1064	Je ne devrais pas me faire de souci.	I shouldn't worry.
plupart	most of	/plypaʁ/	noun	f	1067	Il a licencié la plupart de ses hommes.	He fired most of his men.
exploser	to explode	/ɛksploze/	verb		1071	J'ai l'impression que ma tête va exploser.	I feel like my head is going to explode.
pitié	pity	/pitje/	noun	f	1072	Ne confonds jamais la pitié avec l'amour.	Never confuse pity with love.
procès	trial	/pʁɔsɛ/	noun	m	1075	La vérité finit par éclater à son procès.	The truth finally came out at his trial.
deuxième	second	/døzjɛm/	adjective		1077	L'ascenseur s'est arrêté au deuxième étage.	The elevator stopped on the second floor.
nord	north	/nɔʁ/	noun	m	1080	Ma maison est au nord de la bibliothèque.	My house is north of the library.
mensonge	lie	/mɑ̃sɔ̃ʒ/	noun	m	1081	Nous savons maintenant que c'était un mensonge.	We now know that was a lie.
occasion	used	/ɔkazjɔ̃/	noun	f	1082	Il mettait à profit chaque occasion d'exercer l'anglais.	He used every chance to practice English.
reculer	to back up	/ʁəkyle/	verb		1093	Voulez-vous reculer de quelques pas, je vous prie.	You may want to take a few steps back.
tante	aunt	/tɑ̃t/	noun	f	1094	Ma tante est plus âgée que ma mère.	My aunt is older than my mother.
conversation	talk	/kɔ̃vɛʁsasjɔ̃/	noun	f	1095	C'est moi qui animerai toute la conversation.	I'll do all the talking.
réel	true	/ʁeɛl/	adjective		1096	Je me demande si c'est vraiment réel.	I wonder if this is really true.
attirer	to attract	/atiʁe/	verb		1098	Il a cherché à attirer son attention.	He tried to attract her attention.
organiser	to organize	/ɔʁganize/	verb		1105	Je crois que je devrais organiser une petite fête.	I think that I should organize a little party.
sud	south	/syd/	noun	m	1108	La France est au sud de l'Angleterre.	France is to the south of England.
surveiller	to watch over	/syʁvɛje/	verb		1109	Dis-moi ce que je devrais surveiller.	Tell me what I should be watching for.
spectacle	show	/spɛktakl/	noun	m	1110	Quand le spectacle a-t-il pris fin ?	When did the show finish?
avouer	to confess	/avwe/	verb		1112	Le suspect a enfin commencé à avouer.	The suspect began to confess at last.
risquer	to risk	/ʁiske/	verb		1113	Je ne vais pas le risquer.	I won't risk it.
presse	press	/pʁɛs/	noun	f	1114	L'entreprise a publié un communiqué de presse.	The company issued a press release.
lien	bond	/ljɛ̃/	noun	m	1115	Il y a un lien fort entre les frères.	There is a strong bond between the brothers.
couple	couple	/kupl/	noun	m	1116	Le vieux couple n'avait point d'enfants.	The old couple had no children.
contrat	contract	/kɔ̃tʁa/	noun	m	1118	Ce n'est pas dans mon contrat.	It's not in my contract.
respect	respect	/ʁɛspɛ/	noun	m	1120	Je veux qu'on me traite avec respect.	I want to be treated with respect.
méchant	mean	/meʃɑ̃/	adjective		1121	Il est très méchant avec moi.	He is very mean to me.
proche	close	/pʁɔʃ/	adjective		1122	Ils habitent dans une ville proche de Pékin.	They live in a city close to Beijing.
couteau	knife	/kuto/	noun	m	1131	Quelqu'un pourrait-il me passer un couteau ?	Could someone hand me a knife?
certainement	certainly	/sɛʁtɛnmɑ̃/	adverb		1134	C'est certainement comme ça que ça semble.	It certainly looks that way.
ange	angel	/ɑ̃ʒ/	noun	m	1135	Ce matin, j'ai vu un ange.	This morning, I saw an angel.
rapide	fast	/ʁapid/	adjective		1136	Ma connexion Internet n'est pas assez rapide.	My Internet connection isn't fast enough.
maladie	disease	/maladi/	noun	f	1138	Il ne s'agit pas d'une maladie.	It's not a disease.
importance	importance	/ɛ̃pɔʁtɑ̃s/	noun	f	1145	Il accorda une grande importance à cet événement.	He attached great importance to the event.
mérite	worth	/meʁit/	noun	m	1148	Sa proposition ne mérite pas qu'on en parle.	His proposal is not worth talking about.
joyeux	happy	/ʒwajø/	adjective		1153	Au début de chaque weekend, je suis à la fois fatigué et joyeux.	At the start of every weekend, I am both tired and happy.
pression	pressure	/pʁɛsjɔ̃/	noun	f	1154	Nous ne voulons pas vous mettre la pression.	We don't want to pressure you.
fantôme	ghost	/fɑ̃tom/	noun	m	1155	Que ferais-tu si tu voyais un fantôme ?	What would you do if you saw a ghost?
rose	pink	/ʁoz/	adjective		1159	Qui est la fille à la robe rose ?	Who is the girl in the pink dress?
vis	screw	/vis/, /vi/	noun	f	1160	Relâchez les vis et retirez l'abat-jour.	Loosen the screws and remove the lamp cover.
unité	unit	/ynite/	noun	f	1161	Une livre est une unité de poids.	A pound is a unit of weight.
charmant	charming	/ʃaʁmɑ̃/	adjective		1164	Tes excentricités peuvent te rendre tantôt charmant ou ennuyeux.	Your eccentricities can make you either charming or tedious.
série	series	/seʁi/	noun	f	1167	On se souviendra de cette série pendant longtemps.	This series will be remembered for a long time to come.
bouteille	bottle	/butɛj/	noun	f	1168	Qu'y a-t'il dans la bouteille ?	What's in the bottle?
partenaire	partner	/paʁtənɛʁ/	noun	f	1169	J'aimerais que tu sois mon partenaire.	I'd like you to be my partner.
sexuel	sexual	/sɛksɥɛl/	adjective		1170	Le harcèlement sexuel est maintenant devenu un problème de société.	Sexual harassment has now become a social issue.
gâteau	cake	/gato/	noun	m	1172	Maman est en train de faire un gâteau.	Mom is making a cake.
sexy	sexy	/sɛksi/	adjective		1174	Vous avez des jambes très sexy.	You have very sexy legs.
nerveux	nervous	/nɛʁvø/	adjective		1175	Je vous rends nerveux, n'est-ce pas ?	I make you nervous, don't I?
traîner	to drag along	/tʁɛne/, /tʁene/	verb		1178	Certains jours semblent se traîner et durer éternellement.	Some days seem to just drag on and last forever.
habiller	to dress	/abije/	verb		1179	Avez-vous fini de vous habiller ?	Have you finished dressing?
blessure	wound	/blesyʁ/	noun	f	1181	Elle s'est occupée de sa blessure.	She took care of his wound.
fumer	to smoke	/fyme/	verb		1183	Il ne faut pas fumer dans cette pièce.	Don't smoke in this room.
différence	difference	/difeʁɑ̃s/	noun	f	1195	Il n'y a pas une grande différence.	There's not a big difference.
coupe	cut	/kup/	noun	f	1196	Ma copine me coupe souvent les cheveux.	My girlfriend often cuts my hair.
annuler	to cancel	/anyle/	verb		1198	Nous devons annuler notre voyage pour le Japon.	We must cancel our trip to Japan.
assister	to attend	/asiste/	verb		1208	Tu ne peux pas y assister ? Pourquoi pas ?	You can't attend? Why not?
langue	language	/lɑ̃g/	noun	f	1209	Le français n'est pas une langue facile.	French isn't an easy language.
immédiatement	right now	/imedjatmɑ̃/	adverb		1210	Je ne parviens pas à le faire immédiatement.	I can't do it right away.
finalement	at last	/finalmɑ̃/	adverb		1211	Les vacances ont finalement touché à leur fin.	The holidays came to an end at last.
principal	main	/pʁɛ̃sipal/	adjective		1212	Il a expliqué l'objectif principal de ce plan.	He explained the plan's main objective.
puissant	strong	/pɥisɑ̃/	adjective		1215	Un éléphant est un animal puissant.	An elephant is a strong animal.
star	star	/staʁ/	noun	f	1216	J'ai vu "Star Wars" deux fois.	I have seen "Star Wars" twice.
université	university	/ynivɛʁsite/	noun	f	1217	Je me suis spécialisé en philosophie, à mon université.	I majored in philosophy at my university.
carrière	career	/kaʁjɛʁ/	noun	f	1219	Je fais passer ma famille avant ma carrière.	I put my family before my career.
contrôler	to control	/kɔ̃tʁole/	verb		1223	Il ne parvient pas à contrôler ses désirs.	He can't control his desires.
taxi	taxi	/taksi/	noun	m	1229	Elle s'est rendue au musée en taxi.	She went to the museum by taxi.
contraire	contrary	/kɔ̃tʁɛʁ/	adjective		1230	Je n'ai aucune preuve du contraire.	I have no proof to the contrary.
prisonnier	prisoner of war	/pʁizɔnje/	noun	m	1235	Il leur ordonna de libérer le prisonnier.	He ordered them to release the prisoner.
page	page	/paʒ/	noun	f	1237	Je connais tous les mots sur cette page.	I know every word on this page.
installer	to install	/ɛ̃stale/	verb		1242	Voulez-vous installer ce supplément gratuit pour votre navigateur ?	Do you want to install this free browser add-on?
signal	signal	/siɲal/	noun	m	1244	Il nous a donné le signal pour commencer.	He gave us the signal to begin.
prince	prince	/pʁɛ̃s/	noun	m	1247	Le prince devint un roi ce jour-là.	The prince became a king that day.
double	double	/dubl/	adjective		1249	C'est une épée à double-tranchant.	It's a double-edged sword.
changement	change	/ʃɑ̃ʒmɑ̃/	noun	m	1255	Tu as besoin d'un changement d'air.	You need a change of air.
contacter	to contact	/kɔ̃takte/	verb		1256	Je ne sais pas comment vous contacter.	I don't know how to contact you.
courage	courage	/kuʁaʒ/	noun	m	1257	J'ai du courage et une forte volonté.	I have courage and a strong will.
cache	hiding place	/kaʃ/	noun	f	1258	Je pense qu'il me cache quelque chose.	I think he's hiding something from me.
saint	saint	/sɛ̃/	noun	m	1261	La Saint Patrick est célébrée le dix-sept mars.	Saint Patrick's Day is celebrated on March 17th.
accès	access	/aksɛ/	noun	m	1270	Comment fais-tu pour avoir accès à l'internet ?	How do you access the Internet?
transformer	to turn	/tʁɑ̃sfɔʁme/	verb		1274	Je vais le transformer en une maison.	I'll turn it into a house.
appareil	machine	/apaʁɛj/	noun	m	1275	Cet appareil m'est familier.	This machine is familiar to me.
voleur	thief	/vɔlœʁ/	noun	m	1279	Il est difficile de voler chez un voleur.	It's hard to steal from a thief.
alcool	strong drink	/alkɔl/	noun	m	1282	Avez-vous des boissons sans alcool ?	Do you have any soft drinks?
allumer	to turn on	/alyme/	verb		1287	Pourrais-tu allumer la lumière s'il te plaît ?	Could you turn on the light please?
militaire	military	/militɛʁ/	adjective		1291	Il y a une base militaire à proximité.	There is a military base near here.
cassé	broken	/kase/	adjective		1293	Ne vous êtes-vous jamais cassé un os ?	Have you ever broken a bone?
lors	then	/lɔʁ/	adverb		1294	Je ne l'ai pas vu depuis lors.	I haven't seen him since then.
criminel	criminal	/kʁiminɛl/	noun	m	1296	Le criminel a laissé des traces de pas.	The criminal left footprints.
excuse	excuse	/ɛkskyz/	noun	f	1302	Elle trouva une excuse pour être en retard.	She made an excuse for being late.
totalement	all	/tɔtalmɑ̃/	adverb		1306	Ce dictionnaire est totalement inutile.	This dictionary is not useful at all.
confirmer	to confirm	/kɔ̃fiʁme/	verb		1307	Je suis dans l'incapacité de le confirmer.	I can't confirm this.
arrêt	stop sign	/aʁɛ/	noun	m	1309	Je crois que nous descendons au prochain arrêt.	I think we get off at the next stop.
nourrir	to feed	/nuʁiʁ/	verb		1315	C'est l'heure de nourrir les moutons.	It is time to feed the sheep.
couche	bed	/kuʃ/	noun	f	1316	Je me couche à dix heures et demie.	I go to bed at 10.30.
médicament	medicine	/medikamɑ̃/	noun	m	1317	Est-ce que ce médicament fait effet rapidement ?	Does the medicine act quickly?
identité	identity	/idɑ̃tite/	noun	f	1319	Par la suite, il vécut sous une autre identité.	Afterwards, he assumed a new identity.
cellule	cell	/selyl/	noun	f	1320	Tom s'est échappé de sa cellule.	Tom escaped from his cell.
adulte	grown-up	/adylt/	noun	f	1321	Ce garçon parle comme s'il était adulte.	That boy talks as if he were a grown up.
chapeau	hat	/ʃapo/	noun	m	1322	J'ai fait l'acquisition d'un chapeau.	I bought a hat.
nombreux	many	/nɔ̃bʁø/	adjective		1323	J'ai de nombreux modèles réduits de voitures.	I have many model cars.
conseiller	to advise	/kɔ̃seje/	verb		1327	Il n'a pas d'amis pour le conseiller.	He has no friends to advise him.
impressionner	to impress	/ɛ̃pʁesjɔne/	verb		1329	Je voulais vous impressionner.	I wanted to impress you.
frais	charge	/fʁɛ/	noun	m	1330	J'aimerais que vous fassiez le détail des frais.	I'd like you to itemize the charges.
perte	loss	/pɛʁt/	noun	f	1331	Nous avons exigé qu'elle compense la perte.	We demanded that she should make up for the loss.
couverture	cover	/kuvɛʁtyʁ/	noun	f	1334	Ne juge pas un livre sur sa couverture.	Don't judge a book by its cover.
procureur	public prosecutor	/pʁɔkyʁœʁ/	noun	m	1336	Le procureur me posa une question insidieuse.	The prosecutor asked me a leading question.
médical	medical	/medikal/	adjective		1337	Avez-vous vu le dossier médical de Tom ?	Have you seen Tom medical records?
évidemment	obviously	/evidamɑ̃/	adverb		1338	Je suis évidemment très déçu.	I'm obviously very disappointed.
remonter	to go back	/ʁəmɔ̃te/	verb		1339	Je voudrais pouvoir remonter dans le temps.	I wish I could go back in time.
princesse	princess	/pʁɛ̃sɛs/	noun	f	1340	La princesse implora le pardon de l'empereur.	The princess begged forgiveness from the emperor.
autoriser	to allow	/otɔʁize/	verb		1341	Nous allons autoriser une remise de 5% sur le tarif.	We'll allow a 5 percent discount off list prices.
prudent	careful	/pʁydɑ̃/	adjective		1342	Sois prudent quant à ce que tu manges.	Be careful about what you eat.
formidable	wonderful	/fɔʁmidabl/	adjective		1343	Tu es une femme formidable !	You're a wonderful woman.
troisième	third	/tʁwazjɛm/	adjective		1348	Il n'y a pas de troisième choix.	There is no third choice.
tribunal	court	/tʁibynal/	noun	m	1349	On se verra au tribunal.	I'll see you in court.
destin	fate	/dɛstɛ̃/	noun	m	1354	Il a mon destin entre ses mains.	He has my fate in his hands.
sein	breast	/sɛ̃/	noun	m	1358	Je donne le sein à mon bébé.	I'm breast-feeding my baby.
shérif	sheriff	/ʃeʁif/	noun	m	1360	Il y a un nouveau shérif en ville.	There's a new sheriff in town.
supplier	to beg	/syplije/	verb		1363	J'ai dû supplier mes amis de venir.	I had to beg my friends to come.
leçon	lesson	/ləsɔ̃/	noun	f	1367	J'espère que tu as appris ta leçon.	I hope you learned your lesson.
compliqué	complicated	/kɔ̃plike/	adjective		1368	C'est un peu trop compliqué pour moi.	It's a bit too complicated for me.
faveur	favor	/favœʁ/	noun	f	1369	J'ai une importante faveur à te demander.	I want to ask you a big favor.
poulet	chicken	/pulɛ/	noun	m	1371	Ça a le même goût que le poulet.	It tastes like chicken.
examen	exam	/ɛgzamɛ̃/	noun	m	1373	Je dois réussir cet examen coûte que coûte.	I must pass this exam, no matter what.
connaissance	knowledge	/kɔnɛsɑ̃s/	noun	f	1375	Il a la connaissance ainsi que l'expérience.	He has knowledge and experience as well.
date	date	/dat/	noun	f	1382	Nous n'avons pas encore fixé de date.	We haven't actually set a date yet.
respirer	to breathe	/ʁɛspiʁe/	verb		1383	Je ne peux pas respirer par le nez.	I can't breathe through my nose.
mètre	meter	/mɛtʁ/	noun	m	1384	Les ailes d'un aigle font plus d'un mètre d'envergure.	An eagle's wings are more than one meter across.
identifier	to identify	/idɑ̃tifje/	verb		1386	Pouvez-vous identifier l'homme qui utilise cette photo ?	Can you identify the man using this picture?
parfait	perfect	/paʁfɛ/	adjective		1387	Nous ne vivons pas dans un monde parfait.	We don't live in a perfect world.
gâcher	to ruin	/gaʃe/	verb		1388	Tu aurais pu tout gâcher.	You could've ruined everything.
amusant	funny	/amyzɑ̃/	adjective		1391	Je ne pense pas que ce soit amusant.	I don't think this is funny.
commun	common	/kɔmœ̃/	adjective		1392	Nous n'avons pas grand-chose en commun.	We don't have much in common.
foi	faith	/fwa/	noun	f	1397	Tu as restauré ma foi en l'humanité.	You have restored my faith in humanity.
inventer	to invent	/ɛ̃vɑ̃te/	verb		1398	J'aime inventer des choses utiles.	I like to invent useful things.
responsabilité	responsibility	/ʁɛspɔ̃sabilite/	noun	f	1406	Je ne veux pas ce genre de responsabilité.	I don't want that kind of responsibility.
joindre	to join	/ʒwɛ̃dʁ/	verb		1411	Voulez-vous vous joindre à moi pour déjeuner ?	Do you want to join me for lunch?
toit	roof	/twa/	noun	m	1412	Notre toit a été soufflé par le vent.	We had our roof blown off.
enterrer	to bury	/ɑ̃teʁe/	verb		1418	Vous ne pouvez pas enterrer la vérité.	You can't bury the truth.
gamin	kid	/gamɛ̃/	noun	m	1420	Tu es le prof de mon gamin.	You're my kid's teacher.
justement	just	/ʒystəmɑ̃/	adverb		1422	C'est justement ce que je vais faire.	That's just what I'm going to do.
rapidement	quickly	/ʁapidmɑ̃/	adverb		1423	Je me suis rapidement débarrassé de mon rhume.	I got over my cold quickly.
bref	in brief	/bʁɛf/	adverb		1425	Il me donna un bref aperçu du projet.	He gave me a brief outline of the plan.
cou	neck	/ku/	noun	m	1426	Une éruption cutanée se développa sur son cou.	A rash broke out on her neck.
bâtiment	building	/batimɑ̃/	noun	m	1427	Un foyer est plus qu'un simple bâtiment.	A home is more than a mere building.
coffre	box	/kɔfʁ/	noun	m	1429	Il te faut une clé pour ouvrir le coffre.	You need a key to open the box.
jaloux	jealous	/ʒalu/	adjective		1430	Je pense que je suis un peu jaloux.	I suppose I felt a little jealous.
piège	trap	/pjɛʒ/	noun	m	1432	Nous avons posé un piège pour capturer un renard.	We set a trap to catch a fox.
génie	genius	/ʒeni/	noun	m	1443	Ça a été un éclair de génie.	It was a stroke of genius.
plage	beach	/plaʒ/	noun	f	1444	Comment puis-je me rendre à la plage ?	How do I get to the beach?
national	national	/nasjɔnal/	adjective		1446	Il est devenu un héros national.	He became a national hero.
vitesse	speed	/vitɛs/	noun	f	1448	Une voiture est passée à une vitesse terrifiante.	A car went by at terrific speed.
joueur	player	/ʒwœʁ/	noun	m	1450	C'est un très bon joueur de tennis.	He is a good tennis player.
saison	season	/sɛzɔ̃/	noun	f	1452	L'été est la saison que je préfère.	Summer is the season I like best.
cinéma	movie theater	/sinema/	noun	m	1453	Cette vedette de cinéma a beaucoup d'admirateurs.	That movie star has many fans.
trésor	treasure	/tʁezɔʁ/	noun	m	1456	Ce ballon est le trésor de ce garçon.	This ball is that boy's treasure.
pilote	driver	/pilɔt/	noun	m	1457	Penses-tu sérieusement à poursuivre une carrière de pilote de course automobile ?	Are you seriously thinking about pursuing a career as a race car driver?
commander	to order	/kɔmɑ̃de/	verb		1458	Je ne parviens pas à décider quoi commander.	I can't decide what to order.
empreinte	footprint	/ɑ̃pʁɛ̃t/	noun	f	1462	Je ne vois aucune empreinte nulle part.	I don't see any footprints anywhere.
théorie	theory	/teɔʁi/	noun	f	1468	Tu as dit que tu avais une théorie.	You said you had a theory.
malheureusement	unfortunately	/malœʁøzmɑ̃/	adverb		1473	Malheureusement, mon père n'est pas chez lui.	Unfortunately, my father isn't at home.
parfaitement	perfectly	/paʁfɛtmɑ̃/	adverb		1474	Ils conviennent parfaitement l'un à l'autre.	They fit each other so perfectly.
final	final	/final/	adjective		1476	Je viens de passer mon examen final aujourd'hui.	I just had my final exam today.
pantalon	pants	/pɑ̃talɔ̃/	noun	m	1478	La fermeture Éclair de ton pantalon est baissée.	Your pants are unzipped.
maire	mayor	/mɛʁ/	noun	f	1486	Il a prêté serment en tant que maire.	He was sworn in as mayor.
propriétaire	owner	/pʁɔpʁijetɛʁ/	noun	f	1488	Qui est le propriétaire de cette maison ?	Who is the owner of this house?
lance	spear	/lɑ̃s/	noun	f	1489	La pointe de la lance était trempée dans un poison mortel.	The tip of the spear was dipped in a deadly poison.
accorder	to grant	/akɔʁde/	verb		1490	Accorder cette faveur est hors de question.	Granting that favor is out of the question.
guérir	to cure	/geʁiʁ/	verb		1494	Un traitement permettra de guérir la maladie.	A treatment will cure the disease.
rechercher	to look	/ʁəʃɛʁʃe/	verb		1497	Tu devrais rechercher ce mot.	You should look that word up.
mode	fad	/mɔd/	noun	f	1498	Les jeans délavés sont encore à la mode.	Faded jeans are still in fashion.
fâcher	to upset	/faʃe/	verb		1499	Il a tendance à se fâcher pour rien.	He tends to get upset over nothing.
fier	proud	/fje/	adjective		1500	Tout le monde est très fier de vous.	Everyone is very proud of you.
traitement	treatment	/tʁɛtmɑ̃/	noun	m	1506	Un traitement permettra de guérir la maladie.	A treatment will cure the disease.
van	van	/vɑ̃/	noun	m	1511	Il imitait les œuvres de Van Gogh.	He imitated the works of Van Gogh.
miracle	wonder	/miʁakl/	noun	m	1513	C'est un miracle qu'ils soient toujours éveillés.	It's a wonder they're still awake.
détective	detective	/detɛktiv/	noun	f	1515	Un détective arriva sur la scène du crime.	A detective arrived upon the scene of the crime.
hasard	chance	/ʼazaʁ/	noun	m	1517	Je l'ai rencontré par hasard à Tokyo.	I met him in Tokyo by chance.
laver	to wash	/lave/	verb		1518	Il est en train de laver la voiture.	He is washing the car.
victoire	victory	/viktwaʁ/	noun	f	1519	Ce n'était pas une victoire complète.	It was not a complete victory.
moteur	engine	/mɔtœʁ/	noun	m	1520	La voiture est équipée d'un nouveau moteur.	The car has a new engine.
titre	title	/titʁ/	noun	m	1521	Quel est le titre du livre ?	What is the title of the book?
gardien	guard	/gaʁdjɛ̃/	noun	m	1523	Ton gardien de sécurité ne me laisserait pas entrer.	Your security guard wouldn't let me in.
célèbre	famous	/selɛbʁ/	adjective		1531	Il est devenu célèbre dans le monde entier.	He became world famous.
artiste	artist	/aʁtist/	noun	f	1532	Tout le monde ne peut pas être artiste.	Not everybody can be an artist.
fouiller	to search	/fuje/	verb		1533	Nous allons fouiller la totalité du bateau.	We're going to search the whole ship.
paquet	package	/pakɛ/	noun	m	1536	Qu'y a-t-il dans le paquet ?	What's in the package?
millier	thousand	/milje/	noun	m	1540	Il y avait environ un millier de personnes.	There were about one thousand people.
journaliste	reporter	/ʒuʁnalist/	noun	f	1541	Ce journaliste a du flair pour les nouvelles.	That reporter has a nose for news.
agréable	nice	/agʁeabl/	adjective		1542	Je pense que c'est très agréable.	I think it's very nice.
enregistrer	to register	/ɑ̃ʁəʒistʁe/	verb		1543	Je n'arrive pas à comprendre comment enregistrer un nouveau nom de domaine.	I can't figure out how to register a new domain name.
douche	shower	/duʃ/	noun	f	1547	Il est en train de prendre une douche.	He's taking a shower.
site	web site	/sit/	noun	m	1552	Comment puis-je désactiver mon compte sur ce site ?	How can I deactivate my account on this site?
complet	full	/kɔ̃plɛ/	adjective		1555	Le médecin ordonna un examen complet du patient.	The doctor ordered a full physical examination for the patient.
louer	to rent	/lwe/	verb		1556	Vous pouvez louer un bateau à l'heure.	You can rent a boat by the hour.
vache	cow	/vaʃ/	noun	f	1557	Notre vache ne nous donne pas de lait.	Our cow doesn't give us any milk.
acteur	actor	/aktœʁ/	noun	m	1558	Veux-tu être un acteur dans un film ?	Do you want to be an actor in a movie?
naissance	birth	/nɛsɑ̃s/	noun	f	1559	Elle a donné naissance à des jumelles.	She gave birth to twin girls.
poids	weight	/pwa/	noun	m	1561	Il me faut perdre un peu de poids.	I need to lose some weight.
directement	straight	/diʁɛktəmɑ̃/	adverb		1565	Il a bu directement à la bouteille.	He drank straight from the bottle.
rat	rat	/ʁa/	noun	m	1566	Un rat a fait un trou dans le mur.	A rat chewed a hole in the wall.
sport	sport	/spɔʁ/	noun	m	1569	As-tu jamais conduit une voiture de sport ?	Have you ever driven a sports car?
retraite	retirement	/ʁətʁɛt/	noun	f	1570	Dans notre entreprise, la retraite est à 60 ans.	At our company, the retirement age is 60.
vision	sight	/vizjɔ̃/	noun	f	1572	Jamais je n'ai eu de plus belle vision.	I had never seen a more beautiful sight.
tableau	picture	/tablo/	noun	m	1573	Il est en train de peindre un tableau.	He is painting a picture.
volonté	will	/vɔlɔ̃te/	noun	f	1574	J'ai du courage et une forte volonté.	I have courage and a strong will.
calmer	to calm	/kalme/	verb		1576	J'ai fermé les yeux pour me calmer.	I closed my eyes to calm down.
amoureux	have a love of	/amuʁø/	adjective		1579	Je sais que tu es amoureux de moi !	I know you're in love with me.
sorcière	witch	/sɔʁsjɛʁ/	noun	f	1581	C'est une puissante sorcière.	She's a powerful witch.
examiner	to examine	/ɛgzamine/	verb		1584	Je veux examiner le corps de la victime.	I want to examine the body of the victim.
cigarette	smoke	/sigaʁɛt/	noun	f	1588	La fumée de cigarette m'incommode beaucoup.	Cigarette smoke bothers me a lot.
assurance	insurance	/asyʁɑ̃s/	noun	f	1589	J'espère que vous disposez d'une assurance.	I hope you have insurance.
promesse	promise	/pʁɔmɛs/	noun	f	1591	Je n'ai jamais fait une telle promesse.	I never made such a promise.
vote	vote	/vɔt/	noun	m	1598	On donna aux femmes le droit de vote.	Women were given the right to vote.
fantastique	fantastic	/fɑ̃tastik/	adjective		1600	Je pense que Tom fait un travail fantastique.	I think Tom does a fantastic job.
direct	straight	/diʁɛkt/	adjective		1601	Je vais être direct. Vous êtes viré.	I'll come straight to the point. You're fired.
concentrer	to concentrate	/kɔ̃sɑ̃tʁe/	verb		1603	Tu as perdu la capacité de te concentrer.	You've lost the ability to concentrate.
salon	living room	/salɔ̃/	noun	m	1607	Le mobilier du salon était de style moderne.	The living room furniture was modern in style.
tente	tent	/tɑ̃t/	noun	f	1608	Nous montâmes la tente près de la rivière.	We set up the tent next to the river.
douter	to question	/dute/	verb		1610	Nous commençons à douter de ce que nous pensions savoir.	We're starting to question what we thought we knew.
heureusement	fortunately	/œʁøzmɑ̃/	adverb		1612	Heureusement, aucun des passagers n'a été blessé.	Fortunately, no passengers were injured.
station	station	/stasjɔ̃/	noun	f	1613	Je suis venu à pied de la station.	I walked from the station.
queue	line	/kø/	noun	f	1614	Il se tenait au bout de la queue.	He stood at the end of the line.
chemise	shirt	/ʃmiz/, /ʃəmiz/	noun	f	1616	Je n'ai pas envie de cette chemise.	I don't want this shirt.
paradis	paradise	/paʁadi/	noun	m	1619	Cette plage est un paradis pour les surfeurs.	This beach is a paradise for surfers.
délicieux	delicious	/delisjø/	adjective		1622	C'est délicieux. Qu'est-ce que c'est?	This is delicious. What is it?
distance	way	/distɑ̃s/	noun	f	1625	C'est une longue distance d'ici à l'école.	It's a long way from here to school.
privé	private	/pʁive/	adjective		1631	Je préfèrerais m'entretenir avec vous en privé.	I would prefer to speak to you in private.
chocolat	chocolate	/ʃɔkɔla/	noun	m	1632	Est-ce que vous aimez le chocolat blanc?	Do you like white chocolate?
protection	protection	/pʁɔtɛksjɔ̃/	noun	f	1633	Je n'ai pas besoin de votre protection.	I don't need your protection.
étranger	foreign	/etʁɑ̃ʒe/	adjective		1634	Je suis tout seul dans ce pays étranger.	I am all alone in a foreign country.
soucier	to worry	/susje/	verb		1645	Nous avons à nous soucier de problèmes plus importants.	We have bigger problems to worry about.
étudiant	student	/etydjɑ̃/	noun	m	1650	Aucun étudiant n'est venu à la fête.	No student went to the party.
cauchemar	nightmare	/kɔʃmaʁ/	noun	m	1651	Peut-être que c'était juste un cauchemar.	Maybe it was just a nightmare.
rare	rare	/ʁaʁ/	adjective		1654	Il advint qu'il aperçut un papillon rare.	He happened to catch sight of a rare butterfly.
métier	trade	/metje/	noun	m	1655	Elle lui a enseigné les ficelles du métier.	She taught him the tricks of the trade.
veste	jacket	/vɛst/	noun	f	1657	C'est dans la poche de ma veste.	It's in my jacket pocket.
désormais	from now on	/dezɔʁmɛ/	adverb		1659	Désormais, je vais dire ce que je pense.	From now on, I'm going to say what's on my mind.
confier	to trust	/kɔ̃fje/	verb		1661	Vous pouvez lui confier n'importe quel travail.	You can trust him with any job.
meurtrier	murderer	/mœʁtʁije/	noun	m	1663	Le meurtrier est toujours en liberté.	The murderer is still at large.
gaz	gas	/gaz/	noun	m	1664	Je suis sûr d'avoir fermé le gaz.	I'm sure I turned off the gas.
baisser	to go down	/bɛse/	verb		1668	Cela vous dérangerait-il de baisser la radio ?	Would you mind turning down the radio?
demande	request	/dəmɑ̃d/	noun	f	1673	Il a refusé ma demande pour devenir amis.	He refused my friend request.
adorable	adorable	/adɔʁabl/	adjective		1677	Le chat est adorable.	The cat is adorable.
chèque	check	/ʃɛk/	noun	m	1678	Pouvez-vous encaisser ce chèque pour moi ?	Can you cash this check for me?
soutien	support	/sutjɛ̃/	noun	m	1682	C'est un groupe de soutien pour veuves.	This is a support group for widows.
augmenter	to increase up	/ogmɑ̃te/	verb		1683	Les taux d'intérêt vont progressivement augmenter.	Gradually the interest rate will increase.
personnage	character	/pɛʁsɔnaʒ/	noun	m	1685	Le personnage principal meurt à la fin du livre.	The main character dies at the end of the book.
informer	to notify	/ɛ̃fɔʁme/	verb		1687	Quelqu'un devrait informer les proches parents.	Someone should notify the next of kin.
style	style	/stil/	noun	m	1690	Le mobilier du salon était de style moderne.	The living room furniture was modern in style.
physique	physical	/fizik/	adjective		1694	Tu dois être en bonne condition physique.	You must be in good physical condition.
presser	to hurry	/pʁese/	verb		1695	Tu n'as pas besoin de te presser.	You don't have to hurry.
affronter	to confront	/afʁɔ̃te/	verb		1699	Le premier problème que nous devons affronter est l'extrémisme violent sous toutes ses formes.	The first issue that we have to confront is violent extremism in all of its forms.
autrement	else	/otʁəmɑ̃/	adverb		1704	Je ne sais pas comment le formuler autrement.	I don't know how else to put it.
fédéral	federal	/fedeʁal/	adjective		1706	Un énorme déficit dans le budget fédéral empoisonne l'économie américaine depuis de nombreuses années.	A huge federal budget deficit has been plaguing the American economy for many years.
véritable	true	/veʁitabl/	adjective		1713	Ce n'est pas du véritable amour.	This is not true love.
puce	flea	/pys/	noun	f	1715	Une puce peut sauter deux cents fois sa propre taille.	A flea can jump 200 times its own height.
annonce	announcement	/anɔ̃s/	noun	f	1717	Nous ferons notre annonce jeudi.	We'll make our announcement on Thursday.
bouton	button	/butɔ̃/	noun	m	1718	Un bouton s'est détaché de mon manteau.	A button came off my coat.
neige	snow	/nɛʒ/	noun	f	1719	Il était dans la neige jusqu'aux genoux.	He was knee-deep in snow.
épée	sword	/epe/	noun	f	1721	Il tira son épée en un éclair.	He whipped out his sword.
concert	concert	/kɔ̃sɛʁ/	noun	m	1724	Je vais à un concert la semaine prochaine.	I am going to a concert next week.
champion	champion	/ʃɑ̃pjɔ̃/	noun	m	1726	Tu es le champion, n'est-ce pas ?	You're the champion, aren't you?
rivière	river	/ʁivjɛʁ/	noun	f	1729	J'ai marché le long de la rivière.	I walked along the river.
récemment	recently	/ʁesamɑ̃/	adverb		1731	Avez-vous eu des nouvelles d'elle récemment ?	Have you heard from her recently?
aventure	affair	/avɑ̃tyʁ/	noun	f	1733	Cette aventure amoureuse est un secret de famille.	That love affair is a family secret.
ventre	stomach	/vɑ̃tʁ/	noun	m	1738	Allongez-vous sur le ventre, s'il vous plaît.	Please lie on your stomach.
autorité	authority	/otɔʁite/	noun	f	1739	C'est une autorité en matière d'humanités.	He is an authority on the humanities.
magique	magical	/maʒik/	adjective		1742	C'était sans aucun doute un moment magique.	That was without doubt a magical moment.
violence	violence	/vjɔlɑ̃s/	noun	f	1743	Nous ne devrions pas recourir à la violence.	We should not resort to violence.
zéro	zero	/zeʁo/	noun	m	1745	Le thermomètre descend souvent en dessous de zéro.	Thermometers often go below zero.
amitié	friendship	/amitje/	noun	f	1752	J'accorde de la valeur à notre amitié.	I value our friendship.
curieux	curious	/kyʁjø/	adjective		1759	T'es même pas un peu curieux?	Aren't you at least curious?
puissance	power	/pɥisɑ̃s/	noun	f	1760	Ne sous-estime pas ma puissance.	Don't underestimate my power.
innocent	innocent	/inɔsɑ̃/	adjective		1762	Il s'est avéré qu'il était innocent.	He turned out to be innocent.
agence	agency	/aʒɑ̃s/	noun	f	1771	Je travaille pour une agence de voyage.	I work for a travel agency.
perdu	lost	/pɛʁdy/	adjective		1772	J'ai perdu les clés de ma voiture.	I lost my car key.
sauvage	savage	/sovaʒ/	noun	m	1773	Il est assez sauvage.	He is quite a savage.
voter	to vote	/vɔte/	verb		1775	J'ai décidé de ne plus jamais voter.	I've decided never to vote again.
singe	monkey	/sɛ̃ʒ/	noun	m	1777	Il a l'air d'un singe.	He looks like a monkey.
pizza	pizza	/pidza/	noun	f	1779	Les enfants partagèrent une pizza après l'école.	The children shared a pizza after school.
fuite	leak	/fɥit/	noun	f	1780	Il y a une fuite de gaz.	There's a gas leak.
menteur	liar	/mɑ̃tœʁ/	noun	m	1782	Elle m'a accusé d'être un menteur.	She accused me of being a liar.
plainte	charge	/plɛ̃t/	noun	f	1784	La victime a refusé de porter plainte.	The victim declined to press charges.
lapin	rabbit	/lapɛ̃/	noun	m	1785	J'ai un lapin comme animal de compagnie.	I keep a rabbit as a pet.
divorce	divorce	/divɔʁs/	noun	m	1788	J'étais en train de penser au divorce.	I was thinking about getting a divorce.
sandwich	sandwich	/sɑ̃dwitʃ/	noun	m	1791	Je suis en train de manger un sandwich.	I am eating a sandwich.
égal	equal	/egal/	adjective		1792	Tout le monde est égal devant la loi.	Everybody is equal before the law.
choc	shock	/ʃɔk/	noun	m	1793	Je sais que ça doit être un choc.	I know this must come as a shock.
rumeur	rumor	/ʁymœʁ/	noun	f	1794	Se peut-il que la rumeur soit fondée ?	Can the rumor be true?
gorge	throat	/gɔʁʒ/	noun	f	1797	Ma gorge me fait mal quand j'avale.	My throat hurts when I swallow.
disque	record	/disk/	noun	m	1802	J'ai acheté ce disque-là dans ce magasin.	I bought that record in this store.
crédit	credit	/kʁedi/	noun	m	1804	Il a porté mon idée à son crédit.	He took credit for my idea.
jury	jury	/ʒyʁi/	noun	m	1806	Le jury a-t-il rendu son verdict?	Has the jury reached a verdict?
uniforme	uniform	/ynifɔʁm/	noun	m	1807	Tous les élèves doivent porter le même uniforme.	All of the students have to wear the same uniform.
plaisanter	to joke	/plɛzɑ̃te/	verb		1812	Je n'ai guère le cœur à plaisanter.	I'm not in the mood for jokes.
sénateur	senator	/senatœʁ/	noun	m	1813	Il avait servi comme député et sénateur.	He had served as a congressman and senator.
attente	wait	/atɑ̃t/	noun	f	1815	L'équipage entier était en attente de nouvelles.	The crew were all waiting for the news.
participer	to participate	/paʁtisipe/	verb		1816	Je ne veux pas participer à la cérémonie.	I don't want to participate in the ceremony.
traduction	translation	/tʁadyksjɔ̃/	noun	f	1817	Vous avez vraiment du talent pour la traduction.	You really have a talent for translation.
ordonner	to order	/ɔʁdɔne/	verb		1818	Je ne dispose pas de l'autorité nécessaire pour ordonner cela.	I don't have the authority to order that.
cabinet	office	/kabinɛ/	noun	m	1820	Quels sont les horaires du cabinet du médecin ?	What are the doctor's office hours?
version	version	/vɛʁsjɔ̃/	noun	f	1822	Y a-t-il la version sous-titrée ?	Is there the subtitled version?
théâtre	theater	/teatʁ/	noun	m	1823	Nous allons dîner ensemble puis aller au théâtre.	We'll dine together and then go to the theater.
accusation	charge	/akyzasjɔ̃/	noun	f	1824	Aucune accusation criminelle n'a été enregistrée.	No criminal charges were filed.
facilement	easily	/fasilmɑ̃/	adverb		1830	Nous avons facilement deviné le mot de passe.	We easily figured out the password.
technique	technical	/tɛknik/	adjective		1834	Le programmeur est en train de réparer un problème technique avec le serveur.	The programmer is fixing a technical problem with the computer server.
chauffeur	driver	/ʃofœʁ/	noun	m	1836	Je suis un bon chauffeur de taxi.	I'm a good taxi driver.
fortune	luck	/fɔʁtyn/	noun	f	1837	Il doit sa richesse à la bonne fortune.	He owes his wealth to good luck.
clairement	clearly	/klɛʁmɑ̃/	adverb		1838	Veuillez parler aussi clairement que vous le pouvez.	Please speak as clearly as you can.
major	major	/maʒɔʁ/	noun	f	1839	Un major est au-dessus d'un capitaine.	A major is above a captain.
activité	activity	/aktivite/	noun	f	1840	Regarder la télé est une activité passive.	Watching TV is a passive activity.
sommeil	sleep	/sɔmɛj/	noun	m	1841	Je n'ai pas eu beaucoup de sommeil.	I haven't had much sleep.
réserver	to book	/ʁezɛʁve/	verb		1843	Je souhaiterais réserver une table pour quatre pour demain soir.	I'd like to book a table for four for tomorrow night.
poupée	doll	/pupe/	noun	f	1844	J'ai donné une poupée à ma sœur.	I gave my sister a doll.
opinion	opinion	/ɔpinjɔ̃/	noun	f	1847	Donnez-moi votre opinion s'il vous plaît.	Please tell me your opinion.
logique	logical	/lɔʒik/	adjective		1848	Ce que vous dites n'est pas logique.	What you're saying isn't logical.
prêtre	priest	/pʁɛtʁ/	noun	m	1849	La soutane du prêtre gonflait doucement au vent.	The priest's cassock billowed gently in the wind.
affreux	awful	/afʁø/	adjective		1851	Où as-tu dégoté cet affreux clébard ?	Where did you find this awful dog?
repos	rest	/ʁəpo/	noun	m	1852	Je n'ai pas besoin de quelconque repos.	I don't need any rest.
siège	seat	/sjɛʒ/	noun	m	1853	Je donnai mon siège à la vieille dame.	I gave my seat to the old lady.
expert	expert	/ɛkspɛʁ/	noun	m	1854	Je suis désormais pour ainsi dire un expert.	I'm practically an expert now.
frontière	border	/fʁɔ̃tjɛʁ/	noun	f	1858	L'Allemagne a une frontière avec la France.	Germany borders on France.
arrestation	under arrest	/aʁɛstasjɔ̃/	noun	f	1859	Tom n'en est pas à sa première arrestation pour conduite en état d'ébriété.	Tom has a history of arrests for drunken driving.
échec	failure	/eʃɛk/	noun	m	1863	Son projet s'est terminé en un échec.	His project ended in failure.
document	paper	/dɔkymɑ̃/	noun	m	1865	Veuillez écrire votre nom au bas de ce document.	Please write your name at the bottom of this paper.
ours	bear	/uʁs/	noun	m	1867	Un ours peut grimper à un arbre.	A bear can climb a tree.
navire	ship	/naviʁ/	noun	m	1873	De quelle sorte de navire s'agit-il ?	What kind of ship is that?
sauf	except for	/sof/	adjective		1876	Nous travaillons tous les jours sauf le dimanche.	We work every day except Sunday.
comportement	behavior	/kɔ̃pɔʁtəmɑ̃/	noun	m	1878	Le comportement de ce type était très étrange.	The man's behavior was very odd.
peindre	to paint	/pɛ̃dʁ/	verb		1879	Il est en train de peindre sa maison.	He's painting his house.
humeur	mood	/ymœʁ/	noun	f	1881	Tu es d'une humeur étrange, aujourd'hui.	You're in a strange mood today.
véhicule	vehicle	/veikyl/	noun	m	1882	Ne descendez pas pendant que le véhicule est en marche !	Don't get off while the vehicle is in motion.
officiel	official	/ɔfisjɛl/	adjective		1883	Le dîner officiel a eu lieu à la Maison Blanche.	The official dinner took place at the White House.
gratuit	free	/gʁatɥi/	adjective		1886	J'ai supposé que c'était gratuit.	I assumed it was free.
saigner	to bleed	/sɛɲe/	verb		1888	Le chien est en train de saigner.	The dog is bleeding.
propriété	property	/pʁɔpʁijete/	noun	f	1892	On a fait le tour de la propriété.	We looked around the property.
période	period	/peʁjɔd/	noun	f	1894	Cette coutume remonte à la période Edo.	This custom dates from the Edo period.
plat	flat	/pla/	adjective		1896	Le pneu de mon vélo est à plat.	The tire on my bicycle is flat.
discussion	talk	/diskysjɔ̃/	noun	f	1897	N'interrompez pas quand nous sommes en discussion.	Don't cut in while we're talking.
pub	pub	/pœb/, /pyb/	noun	f	1898	Il lorgna une fille à l'extérieur d'un pub.	He ogled a girl outside a pub.
réaction	reaction	/ʁeaksjɔ̃/	noun	f	1901	Ça a déclenché une réaction en chaîne.	It started a chain reaction.
ambulance	ambulance	/ɑ̃bylɑ̃s/	noun	f	1902	Dis-leur qu'il nous faut une ambulance.	Tell them we need an ambulance.
château	castle	/ʃato/	noun	m	1904	Je suis à présent dans un vieux château.	I am now in an old castle.
studio	studio	/stydjo/	noun	m	1906	Notre studio est toujours situé sur la rue Park.	Our studio is still located on Park Street.
courageux	brave	/kuʁaʒø/	adjective		1911	C'est un garçon gai et courageux.	He is a brave and cheerful boy.
sain	healthy	/sɛ̃/	adjective		1915	Ce n'est pas sain pour toi.	It's not healthy for you.
couloir	aisle	/kulwaʁ/	noun	m	1916	Préférez-vous un hublot ou un couloir ?	Would you prefer a window or an aisle seat?
essai	try	/esɛ/	noun	m	1917	Il m'a fallu en faire un essai.	I had to give it a try.
veiller	to stay up	/vɛje/	verb		1919	Elle est accoutumée à veiller toute la nuit.	She is used to staying up all night.
particulier	special	/paʁtikylje/	adjective		1921	On n'a rien de prévu de particulier.	We have no special plans.
chiffre	figure	/ʃifʁ/	noun	m	1922	Pourrais-tu me donner un chiffre approximatif ?	Could you give me a ball-park figure?
liquide	liquid	/likid/	adjective		1923	Je préfère le savon liquide à une savonnette.	I prefer soap as a liquid rather than a bar.
précieux	precious	/pʁesjø/	adjective		1925	Notre santé est notre bien le plus précieux.	Our health is our most precious possession.
option	option	/ɔpsjɔ̃/	noun	f	1926	Ça ne constitue pas une option.	That's not an option.
permission	permission	/pɛʁmisjɔ̃/	noun	f	1927	Tu devrais demander la permission à tes parents.	You should ask your parents for permission.
rock	rock	/ʁɔk/	noun	m	1929	Il se comporte en vedette du rock.	He acts like a rock star.
malheureux	unhappy	/malœʁø/	adjective		1931	Jamais je ne veux que nous soyons malheureux.	I never want us to be unhappy.
dette	debt	/dɛt/	noun	f	1937	J'ai une dette à son égard.	I owe him a debt.
ballon	ball	/balɔ̃/	noun	m	1942	Le ballon roula en travers de la rue.	The ball rolled across the road.
copie	copy	/kɔpi/	noun	f	1945	J'aimerais obtenir une copie de ce rapport.	I'd like to get a copy of that report.
émotion	emotion	/emosjɔ̃/	noun	f	1950	Il montra des signes de grande émotion.	He showed signs of great emotion.
garage	garage	/gaʁaʒ/	noun	m	1953	J'ai conduit la voiture dans le garage.	I drove the car into the garage.
romantique	romantic	/ʁɔmɑ̃tik/	adjective		1955	Je ne suis pas du tout romantique.	I am not romantic at all.
lac	lake	/lak/	noun	m	1957	La maison au bord du lac m'appartient.	The house by the lake is mine.
atterrir	to touch down	/ateʁiʁ/	verb		1958	Un hélicoptère peut décoller et atterrir à la verticale.	A helicopter is able to take off and land straight up and down.
modèle	model	/mɔdɛl/	noun	m	1962	Les ventes de ce modèle se sont envolées.	The sales of this model took off.
célibataire	single	/selibatɛʁ/	adjective		1965	Vous êtes toujours célibataire, n'est-ce pas ?	You're still single, aren't you?
correct	correct	/kɔʁɛkt/	adjective		1966	Je ne suis pas sûr que ce soit correct.	I'm not sure if this is correct.
foyer	home	/fwaje/	noun	m	1967	Un foyer est plus qu'un simple bâtiment.	A home is more than a mere building.
explication	explanation	/ɛksplikasjɔ̃/	noun	f	1968	Je pense que tu me dois une explication.	I think you owe me an explanation.
signaler	to call attention to	/siɲale/	verb		1970	J'appelle pour signaler un portefeuille perdu.	I'm calling to report a lost wallet.
souffle	breath	/sufl/	noun	m	1979	Je n'arrive pas à reprendre mon souffle.	I can't catch my breath.
raccrocher	to hang up	/ʁakʁɔʃe/	verb		1981	Je vais maintenant raccrocher.	I'm going to hang up now.
illégal	illegal	/ilegal/	adjective		1983	C'est illégal d'acheter de la cocaïne.	It's illegal to buy cocaine.
masque	mask	/mask/	noun	m	1989	Le policier porte un masque à gaz.	The policeman is wearing a gas mask.
avaler	to swallow	/avale/	verb		1990	C'était une amère pilule à avaler.	It was a bitter pill to swallow.
piscine	swimming bath	/pisin/	noun	f	1995	Il a poussé le chat dans la piscine.	He pushed the cat into the swimming pool.
usine	works	/yzin/	noun	f	1996	Mon père travaille dans une usine.	My father works in a factory.
enseigner	to teach	/ɑ̃sɛɲe/	verb		1998	Je ne peux rien vous enseigner de plus.	I can't teach you anything else.
conférence	conference	/kɔ̃feʁɑ̃s/	noun	f	1999	La conférence s'est terminée à cinq heures.	The conference ended at five.
été	summer	/ete/	noun		99	Comment s'est passé ton été ?	How was your summer?
tous	all	/tu/, /tus/	adjective		108	Est-ce que tous les oiseaux peuvent voler ?	Can all birds fly?
ces	these	/sɛ/	adjective		111	J'ai fait ces boîtes par moi-même.	I made these boxes myself.
vos	your	/vo/	adjective		171	Qu'avez-vous fait de vos bonnes manières ?	Where are your manners?
bonne	maid	/bɔn/	noun		172	Dis à la bonne de faire les lits.	Tell the maid to make the beds.
tes	your	/te/	adjective		180	Qu'as-tu fait de tes bonnes manières ?	Where are your manners?
nos	our	/no/	adjective		199	Nous accordons de la valeur à nos clients.	We value our customers.
aide	help	/ɛd/	noun		315	En quoi est-ce que cela nous aide ?	How does it help us?
nouvelle	news	/nuvɛl/	noun		392	N'as-tu pas la moindre bonne nouvelle ?	Don't you have any good news?
belle	beautiful	/bɛl/	adjective		402	Elle a l'air belle dans cette robe.	She looks beautiful in that dress.
dehors	outside	/dəɔʁ/	adverb		430	Il a l'air de faire bon dehors.	It seems warm outside.
courant	current	/kuʁɑ̃/	noun		615	Un courant électrique peut générer du magnétisme.	An electric current can generate magnetism.
nouvelles	news	/nuvɛl/	noun		618	Les nouvelles ne peuvent pas toutes être mauvaises.	The news can't all be bad.
cool	cool	/kul/	adjective		631	Nous sommes complètement cool avec ça.	We're totally cool with that.
écrit	script	/ekʁi/	noun		667	Il écrit des scénarios pour des séries télé.	He writes scripts for TV shows.
joue	cheek	/ʒu/	noun		690	Une larme coula le long de sa joue.	A tear ran down her cheek.
reçu	receipt	/ʁəsy/	noun		702	J'aimerais un reçu, s'il vous plait.	I'd like a receipt, please.
manque	want	/mɑ̃k/	noun		716	Qui ne gaspille pas ne manque de rien.	Waste not, want not.
cru	raw	/kʁy/	adjective		763	Il ne mange pas de poisson cru.	He doesn't eat raw fish.
armée	army	/aʁme/	noun		791	La ville était défendue par une grande armée.	The town was defended by a large army.
dedans	inside	/dədɑ̃/	noun		869	J'ai ouvert la boîte et regardé dedans.	I opened the box and looked inside.
camp	camp	/kɑ̃/	noun		893	Nous sommes revenus au camp avant la nuit.	We came back to camp before dark.
grosse	gross	/gʁos/	noun		901	Tu dois être plus prudent pour éviter de commettre une grosse erreur.	You must be more careful to avoid making a gross mistake.
vieille	old woman	/vjɛj/	noun		904	Ils disent que je suis une vieille femme.	They say that I'm an old woman.
sortie	way out	/sɔʁti/	noun		908	Il n'y a pas de sortie.	There's no way out.
offre	offer	/ɔfʁ/	noun		947	J'ai reçu une bonne offre d'emploi.	I received a good job offer.
touche	key	/tuʃ/	noun		975	Appuyez sur n'importe quelle touche pour continuer.	Press any key to continue.
gueule	mouth	/gœl/	noun		987	Ce mec est une grande gueule.	That guy's got a big mouth.
capable	capable	/kapabl/	noun		1045	Il est capable de faire une chose pareille.	He is capable of doing such a thing.
blague	sly joke	/blag/	noun		1061	Il a fait une blague à ce propos.	He made a joke about it.
connu	known	/kɔny/	noun		1067	Il est connu pour être un grand peintre.	He is known as a great painter.
adresse	address	/adʁɛs/	noun		1097	Il ne pouvait se souvenir de mon adresse.	He couldn't remember my address.
blessé	wounded	/blese/	adjective		1114	Il a été blessé à la tête.	He was wounded in the head.
assis	seated	/asi/	adjective		1130	Restez assis un moment, s'il vous plait.	Please remain seated for a few minutes.
robe	dress	/ʁɔb/	noun		1131	Elle s'est fait faire une nouvelle robe.	She had a new dress made.
prévu	expected	/pʁevy/	adjective		1136	J'ai été bien plus occupé que prévu.	I've been way busier than expected.
règles	rules	/ʁɛgl/	noun		1152	Je pense que nous connaissons tous les règles.	I think we all know the rules.
bravo	well done	/bʁavo/	noun		1181	Bravo ! Tu as joliment réalisé ce dessin.	Well done! You have drawn this picture nicely.
lycée	high school	/lise/	noun		1186	J'entrerai au lycée en avril prochain.	I will be in high school next April.
revenu	return	/ʁəvəny/	noun		1208	Mon vélo avait disparu lorsque je suis revenu.	My bicycle was gone when I returned.
occupé	busy	/ɔkype/	adjective		1223	Je ne suis pas si occupé que ça.	I'm not all that busy.
vidéo	video	/video/	adjective		1249	Nous sommes allés au magasin de location vidéo.	We went to the video store.
chère	food	/ʃɛʁ/	noun		1264	La nourriture bio est habituellement plus chère.	Organic food is usually more expensive.
glace	ice	/glas/	noun		1317	Laisse-moi aller te chercher de la glace.	Let me get you some ice.
touché	touché	/tuʃe/	adjective		1328	Je pense avoir touché un point sensible.	I think I touched a nerve.
monstre	monster	/mɔ̃stʁ/	noun		1352	C'est vrai qu'il a vu un monstre.	It's true that he saw a monster.
marié	married	/maʁje/	noun		1366	Je me suis marié il y a 8 ans.	I got married 8 years ago.
portable	notebook	/pɔʁtabl/	noun		1370	Je m'assis et ouvris mon ordinateur portable.	I sat down and opened my notebook.
lâche	coward	/laʃ/	adjective		1396	Je ne m'enfuirai pas comme un lâche.	I won't run away like a coward.
stop	stop sign	/stɔp/	noun		1411	Tom n'a pas vu le panneau de stop.	Tom didn't see the stop sign.
restes	leftovers	/ʁɛst/	noun		1413	Ce sont les restes du repas de midi.	Those are the leftovers from lunch.
mariée	bride	/maʁje/	noun		1435	Le marié laissa la mariée devant l'autel.	The groom left the bride standing at the altar.
cible	target	/sibl/	noun		1481	Tu as touché au centre de la cible.	You hit the center of the target.
blanche	white	/blɑ̃ʃ/	noun		1500	Une colombe blanche se trouve sur le toit.	A white dove is on the roof.
marrant	funny	/maʁɑ̃/	adjective		1504	Allez, les mecs ! Ce n'est plus marrant.	Come on, guys. This is not funny anymore.
fil	thread	/fil/	noun		1521	J'ai besoin de fil pour coudre ce bouton.	I need thread to sew on this button.
quitte	even	/kit/	adjective		1523	Il quitte Narita pour Hawaii ce soir.	He is leaving Narita for Hawaii this evening.
suivi	follow-up	/sɥivi/	noun		1555	Pourquoi n'as-tu pas suivi mon conseil ?	Why didn't you follow my advice?
chasse	hunt	/ʃas/	noun		1607	Il est allé à la chasse aux canards.	He went duck hunting.
préféré	favorite	/pʁefeʁe/	adjective		1623	Ce n'est pas mon sujet préféré.	That's not my favorite topic.
costume	suit	/kɔstym/	noun		1625	Il s'est fait faire un nouveau costume.	He had a new suit made.
données	data	/dɔne/	noun		1641	Les données n'ont pas encore été compilées.	The data hasn't been compiled yet.
obligé	obliged	/ɔbliʒe/	adjective		1660	J'ai été obligé de sortir, hier.	I was obliged to go out yesterday.
pause	break	/poz/	noun		1662	Pourquoi ne m'accordes-tu pas une pause ?	Why don't you give me a break?
lettres	letters	/lɛtʁ/	noun		1671	Ne m'écris pas de si longues lettres.	Don't write me such long letters.
job	job	/dʒɔb/	noun		1676	Tout le monde a fait un job fabuleux.	Everyone did a fabulous job.
vendu	sell-out	/vɑ̃dy/	noun		1689	C'était le livre le plus vendu la semaine dernière.	This was the best-selling book last week.
menace	threat	/mənas/	noun		1691	Il y a une menace d'orage.	There is a threat of a storm.
mince	thin	/mɛ̃s/	adjective		1728	Il est plus poli de dire mince que maigre.	It's more polite to say thin than skinny.
aise	ease	/ɛz/	noun		1743	Elle avait un air sans prétention qui mettait chacun à son aise.	She had an unassuming air that put everyone at ease.
malin	clever	/malɛ̃/	adjective		1786	Il n'est pas aussi malin que mon frère.	He is not as clever as my brother.
attendu	expected	/atɑ̃dy/	adjective		1789	Ne fais-tu pas toujours ce qui est attendu ?	Don't you always do what's expected?
enchanté	delighted	/ɑ̃ʃɑ̃te/	adjective		1816	Je suis enchanté d'être ici.	I'm delighted to be here.
poche	pocket	/pɔʃ/	noun		1829	C'est dans la poche de ma veste.	It's in my jacket pocket.
marque	brand name	/maʁk/	noun		1883	Quelle est ta marque de rouge à lèvres préférée ?	What's your favorite lipstick brand?
tombée	fall	/tɔ̃be/	noun		1894	Tu es tombée amoureuse d'elle dès que tu l'as vue ?	Did you fall in love with her at first sight?
fatigué	tired	/fatige/	adjective		1901	Je pense que tout le monde est fatigué.	I think everybody's tired.
file	line	/fil/	noun		1911	Il se tenait au bout de la file.	He stood at the end of the line.
vôtre	yours	/votʁ/	adjective		1928	Cette machine à écrire est-elle la vôtre ?	Is this typewriter yours?
interdit	prohibited	/ɛ̃tɛʁdi/	adjective		1967	Fumer est interdit dans tous les bâtiments publics.	Smoking is prohibited in all public buildings.
lancer	throw	/lɑ̃se/	noun		1982	C'est un expert du lancer de couteaux.	He's an expert at throwing knives.
coincé	stuck	/kwɛ̃se/	adjective		2009	Avez-vous jamais été coincé dans un ascenseur ?	Have you ever been stuck in an elevator?
casse	case	/kas/	noun		2031	En C, les noms de variables sont sensibles à la casse.	Variable names in C are case sensitive.
aveugle	blind man	/avœgl/	noun		2045	J'ai eu un voisin qui était aveugle.	I had a neighbor who was blind.
différents	various	/difeʁɑ̃/	adjective		2058	L'air est un mélange de différents gaz.	Air is a mixture of various gases.
bague	ring	/bag/	noun		2069	J'aimerais voir cette bague, je vous prie.	I'd like to see that ring, please.
hâte	haste	/ʼat/	noun		2083	Ayant été écrite en grande hâte, cette lettre comporte pas mal de fautes.	Being written in great haste, this letter has quite a few mistakes.
souris	mouse	/suʁi/	noun		2087	J'ai besoin d'un tapis de souris.	I need a mouse pad.
talent	talent	/talɑ̃/	noun		2117	C'est un jeune directeur plein de talent.	He's a talented young director.
évident	obvious	/evidɑ̃/, /evid/	adjective		2179	Je pense que c'est évident, pas vous ?	I think it's obvious, don't you?
mine	look	/min/	noun		2208	Il me regarda avec une drôle de mine.	He looked at me with a strange expression.
normale	normal	/nɔʁmal/	noun		2233	Je mène une vie tout à fait normale.	I live a totally normal life.
réveillé	awake	/ʁevɛje/	adjective		2244	Je ne suis souvent qu'à moitié réveillé.	I'm often only half awake.
vente	sale	/vɑ̃t/	noun		2278	Il est le chef du département de vente.	He is the head of the sales department.
rentrée	come-back	/ʁɑ̃tʁe/	noun		2317	Pourquoi est-elle rentrée tôt à la maison ?	Why did she come home early?
virus	virus	/viʁys/	noun		2334	Le virus commence à muter.	The virus is starting to mutate.
réellement	really	/ʁeɛlmɑ̃/	adverb		2335	Dis-moi ce qui s'est réellement passé !	Tell me what really happened.
paroles	lyrics	/paʁɔl/	noun		2366	Traduis-tu des paroles de chansons ?	Do you translate lyrics?
chaleur	heat	/ʃalœʁ/	noun		2390	Je ne suis pas habitué à cette chaleur.	I'm not used to this heat.
champagne	champagne	/ʃɑ̃paɲ/	noun		2392	Nous allons boire une coupe de champagne.	Let's have a glass of champagne.
supposé	supposed	/sypoze/	adverb		2399	Il n'est pas supposé se trouver là.	He's not supposed to be here.
tournée	round	/tuʁne/	noun		2401	La première tournée est pour la maison.	The first round is on the house.
forcément	necessarily	/fɔʁsemɑ̃/	adverb		2418	Ce travail n'est pas forcément facile.	This work is not necessarily easy.
concours	contest	/kɔ̃kuʁ/	noun		2438	Il remportera sans doute le concours de diction.	He will probably win the speech contest.
chaîne	station	/ʃɛn/	noun		2449	Cette chaîne de télévision diffuse uniquement des films.	That TV station broadcasts only movies.
enfance	childhood	/ɑ̃fɑ̃s/	noun		2452	Je me levais toujours tôt dans mon enfance.	I always got up early in my childhood.
crâne	skull	/kʁan/	noun		2464	Le crâne humain se compose de vingt-trois os.	The human skull consists of 23 bones.
scientifique	scientist	/sjɑ̃tifik/	noun		2471	C'est un scientifique de niveau international.	He's a world-class scientist.
traité	treaty	/tʁɛte/	noun		2474	Le traité n'interdisait pas les tests nucléaires souterrains.	The treaty did not ban nuclear tests under the ground.
cloche	bell	/klɔʃ/	noun		2488	La cloche n'a pas encore sonné.	The bell has not rung yet.
réputation	reputation	/ʁepytasjɔ̃/	noun		2491	Sa réputation en a été gravement entachée.	Her reputation was hurt a lot by this.
trompe	trunk	/tʁɔ̃p/	noun		2493	Les éléphants ont une longue trompe.	Elephants have long trunks.
chute	fall	/ʃyt/	noun		2494	Un auvent amortit sa chute et lui sauva la vie.	An awning broke his fall and saved his life.
tenue	dress	/təny/	noun		2506	Qu'est-ce qui cloche dans ma tenue ?	What's wrong with the way I'm dressed?
peinture	painting	/pɛ̃tyʁ/	noun		2519	Il a exprimé ses sentiments par une peinture.	He expressed his feelings in the form of a painting.
honnêtement	honestly	/ɔnɛtmɑ̃/	adverb		2521	Le croyez-vous honnêtement ?	Do you honestly believe that?
empire	empire	/ɑ̃piʁ/	noun		2526	Le Saint-Empire romain germanique cessa d'exister en 1806.	The Holy Roman Empire came to an end in the year 1806.
poitrine	chest	/pwatʁin/	noun		2531	J'ai une douleur aiguë dans la poitrine.	I have a sharp pain in my chest.
barre	rod	/baʁ/	noun		2541	Il peut tordre une barre de fer de ses mains.	He can bend an iron rod with his hands.
jean	jeans	/dʒin/	noun		2543	Je pense avoir l'air grosse, dans ce jean.	I think I look fat in these jeans.
soupe	soup	/sup/	noun		2548	Il y a un cheveu dans ma soupe.	There's a hair in my soup.
jus	juice	/ʒy/	noun		2550	J'adore le jus d'orange.	I love apple juice.
corde	rope	/kɔʁd/	noun		2555	Cette corde est résistante, n'est-ce pas ?	This rope is strong, isn't it?
crème	cream	/kʁɛm/	noun		2570	On fait le beurre avec de la crème.	Butter is made from cream.
entraînement	training	/ɑ̃tʁɛnmɑ̃/	noun		2573	Aucun entraînement ne peut nous préparer à cela.	No amount of training can prepare you for this.
manteau	coat	/mɑ̃to/	noun		2590	Ce manteau n'est pas à ma taille.	This coat doesn't fit me.
humanité	humanity	/ymanite/	noun		2595	Bien sûr, reconnaître notre humanité commune est seulement le commencement de notre tâche.	Of course, recognizing our common humanity is only the beginning of our task.
boutique	shop	/butik/	noun		2603	Les clients cessèrent de venir dans notre boutique.	Customers stopped coming to our shop.
fonds	capital	/fɔ̃/	noun		2604	Qui fournira des fonds pour le capital-risque ?	Who will provide capital for the venture?
surface	surface	/syʁfas/	noun		2621	Les forêts recouvrent environ 9,4% de la surface terrestre.	Forests cover around 9.4% of the earth's surface.
abri	shelter	/abʁi/	noun		2630	Il apporta de la nourriture à son invité et lui procura un abri.	He brought food to his guest and provided him shelter.
uniquement	only	/ynikmɑ̃/	adverb		2642	Cette chaîne de télévision diffuse uniquement des films.	That TV station broadcasts only movies.
parking	car park	/paʁkiŋ/	noun		2647	J'ai vu des voitures sur le parking.	I saw some cars in the parking lot.
communauté	community	/kɔmynote/	noun		2659	C'est un chef de file de sa communauté.	He's a community leader.
prénom	first name	/pʁenɔ̃/	noun		2671	Tous mes étudiants m'appellent par mon prénom.	All of my students call me by my first name.
cérémonie	ceremony	/seʁemɔni/	noun		2674	Je ne pouvais pas assister à la cérémonie.	I could not attend the ceremony.
ménage	household	/menaʒ/	noun		2689	Elle était occupée au ménage.	She was busy with household work.
médecine	medicine	/medsin/	noun		2700	Il a consacré sa vie à la médecine.	He dedicated his life to medicine.
lourd	heavy	/luʁ/	adjective		2702	Je portai le lourd sac sur le dos.	I carried the heavy bag on my back.
estomac	stomach	/ɛstɔma/	noun		2719	Ne perturbe pas ton estomac en mangeant trop.	Don't get an upset stomach by eating too much.
chou	cabbage	/ʃu/	noun		2729	Il apprécie les légumes, tout particulièrement le chou.	He likes vegetables, especially cabbage.
origine	origin	/ɔʁiʒin/	noun		2735	Pour déterminer son origine, nous devons remonter au Moyen-Âge.	To determine its origin, we must go back to the middle ages.
tapis	carpet	/tapi/	noun		2741	J'ai renversé mon café sur le tapis.	I spilled my coffee on the carpet.
absence	absence	/apsɑ̃s/	noun		2742	Son absence a été causée par une maladie.	His absence was due to illness.
tempête	storm	/tɑ̃pɛt/	noun		2744	La tempête s'est peu à peu calmée.	The storm has gradually abated.
écran	screen	/ekʁɑ̃/	noun		2750	Un écran séparait la pièce en deux.	A screen divided the room into two.
enterrement	funeral	/ɑ̃tɛʁmɑ̃/	noun		2754	Je prendrai part, sans faute, à ton enterrement.	I will definitely attend your funeral.
inconnu	stranger	/ɛ̃kɔny/	noun		2755	Un inconnu m'a parlé dans le bus.	A stranger spoke to me on the bus.
rythme	beat	/ʁitm/	noun		2764	Il marche au rythme d'un autre tambour.	He marches to the beat of a different drummer.
pratique	practice	/pʁatik/	noun		2766	Pensez-vous pouvoir mettre votre idée en pratique ?	Do you think that you can put your idea into practice?
équipage	crew	/ekipaʒ/	noun		2771	Ce bateau a coulé avec tout son équipage.	The ship sank with all her crew on board.
récompense	reward	/ʁekɔ̃pɑ̃s/	noun		2777	Je pourrais certainement faire usage de cette récompense.	I could sure use that reward money.
loup	it	/lu/	noun		2780	Je ne pense pas qu'il s'agisse d'un loup.	I don't think it's a wolf.
vengeance	revenge	/vɑ̃ʒɑ̃s/	noun		2784	Elles étaient mues par la vengeance.	They were motivated by revenge.
opportunité	opportunity	/ɔpɔʁtynite/	noun		2792	Je vous suis tellement reconnaissant pour cette opportunité.	I'm so grateful to you for this opportunity.
convaincu	convinced	/kɔ̃vɛ̃ky/	adjective		2797	Tout le monde n'a pas été convaincu.	Not everyone was convinced.
panique	panic	/panik/	noun		2802	Il n'y a aucune raison de céder à la panique.	There's no reason to panic.
technologie	technology	/tɛknɔlɔʒi/	noun		2803	La technologie moderne nous apporte de nombreuses choses.	Modern technology gives us many things.
brillant	brilliant	/bʁijɑ̃/	noun		2804	Elle est promise à un brillant avenir.	She has a brilliant future.
région	area	/ʁeʒjɔ̃/	noun		2808	Le riz est la principale culture de cette région.	Rice is the chief crop in this area.
salaire	pay	/salɛʁ/	noun		2811	Le salaire est misérable et les heures sont longues.	The pay is terrible and the hours are long.
veille	day before	/vɛj/	noun		2812	J'ai perdu la montre que j'avais achetée la veille.	I lost the watch I had bought the day before.
ceinture	belt	/sɛ̃tyʁ/	noun		2814	Elle lui a conseillé de mettre sa ceinture.	She advised him to fasten his seat belt.
professionnel	professional	/pʁɔfɛsjɔnɛl/	adjective		2818	Mon fils veut être un golfeur professionnel.	My son wants to be a professional golfer.
casier	locker	/kazje/	noun		2822	C'est quoi cette photo dans ton casier ?	What's that picture inside your locker?
roman	novel	/ʁɔmɑ̃/	noun		2824	Il est en train d'écrire un roman.	He is writing a novel.
incident	incident	/ɛ̃sidɑ̃/	noun		2829	Après cet incident, il ne but plus jamais.	After that incident, he never drank again.
comité	committee	/kɔmite/	noun		2833	Le comité se réunit deux fois par mois.	The committee meets twice a month.
chine	china	/ʃin/	noun		2834	Taiwan ne fait pas partie de la Chine.	Taiwan isn't part of China.
haine	hatred	/ʼɛn/	noun		2836	Elle l'a regardé avec haine.	She looked at him with hatred.
normalement	normally	/nɔʁmalmɑ̃/	adverb		2851	Normalement, nous avons trois repas par jour.	Normally, we eat three times a day.
canapé	couch	/kanape/	noun		2854	Il y a une télécommande sous le canapé.	There is a TV remote control under the couch.
élève	student	/elɛv/	noun		2860	C'est un élève auquel mon père enseigne.	That's a student my father teaches.
pêche	fishing	/pɛʃ/	noun		2861	Je vais souvent à la pêche avec eux.	I often go fishing with them.
extraordinaire	unusual	/ɛkstʁaɔʁdinɛʁ/	adjective		2864	C'est une situation extraordinaire.	This is an unusual situation.
malheur	unhappiness	/malœʁ/	noun		2865	Son malheur changea en félicité dès lors qu'elle entendit sa voix.	Her unhappiness turned to bliss when she heard his voice.
royaume	kingdom	/ʁwajom/	noun		2867	Ce livre traite de la vie au Royaume-Uni.	This book deals with life in the United Kingdom.
porc	pork	/pɔʁ/	noun		2868	Je n'arrive pas à manger du porc.	I can't eat pork.
brûlé	burned	/bʁyle/	adjective		2880	Le corps était brûlé de manière méconnaissable.	The body was burned beyond recognition.
alarme	alarm	/alaʁm/	noun		2886	C'était une fausse alarme.	It was a false alarm.
rencard	date	/ʁɑ̃kaʁ/	noun		2888	Je vais porter ces chaussures à notre rencard ce soir.	I'm going to wear these shoes on our date tonight.
colle	sticky	/kɔl/	noun		2893	Ce ruban adhésif ne colle pas.	This tape isn't sticky.
assistant	assistant	/asistɑ̃/	noun		2895	Mon nouvel assistant est impatient d'apprendre le métier.	My new assistant is eager to learn the ropes.
cage	cage	/kaʒ/	noun		2904	Cette cage est-elle à l'épreuve des requins ?	Is this cage shark-proof?
davantage	more	/davɑ̃taʒ/	adverb		2905	J'y prends chaque fois davantage de plaisir.	I enjoy it more each time.
collier	necklace	/kɔlje/	noun		2908	Elle porte un collier de prix.	She is wearing an expensive necklace.
placard	closet	/plakaʁ/	noun		2915	Chaque famille a un squelette dans son placard.	Every family has a skeleton in the closet.
soif	thirst	/swaf/	noun		2916	J'eus un verre de bière pour étancher ma soif.	I had a glass of beer to quench my thirst.
miel	honey	/mjɛl/	noun		2921	Ton baiser est plus doux que du miel.	Your kiss is sweeter than honey.
personnellement	personally	/pɛʁsɔnɛlmɑ̃/	adverb		2922	Je crois personnellement que vous avez raison.	I personally believe that you're right.
entièrement	all	/ɑ̃tjɛʁmɑ̃/	adverb		2923	As-tu fait ceci entièrement par toi-même ?	Did you do this all yourself?
impressionnant	impressive	/ɛ̃pʁesjɔnɑ̃/	adjective		2925	Je pense que c'est très impressionnant.	I think it's very impressive.
clinique	clinic	/klinik/	noun		2940	Je fais appel à vous pour contribuer à la nouvelle clinique.	I appeal to you to contribute to the new clinic.
classique	classic	/klasik/	noun		2944	C'est un classique.	It's a classic.
temple	temple	/tɑ̃pl/	noun		2945	Il y avait ici un vieux temple.	There used to be an old temple here.
mystère	mystery	/mistɛʁ/	noun		2956	Quelqu'un a-t-il résolu le mystère ?	Has anybody solved this mystery?
maîtresse	teacher	/mɛtʁɛs/	noun		2957	J'ai fait confiance à ma maîtresse.	I trusted my teacher.
port	port	/pɔʁ/	noun		2958	Pouvez-vous m'indiquer le chemin du port ?	Could you show me the way to the port?
tension	stress	/tɑ̃sjɔ̃/	noun		2959	Elle est incapable de faire face à la tension.	She is unable to cope with stress.
piano	piano	/pjano/	noun		2964	Qui est en train de jouer du piano ?	Who is playing the piano?
pot	pot	/po/	noun		2968	Mets les carottes dans le pot.	Put the carrots in the pot.
jugement	judgement	/ʒyʒmɑ̃/	noun		2975	J'ai une absolue confiance en ton jugement.	I have absolute confidence in your judgement.
courrier	piece of mail	/kuʁje/	noun		2983	Le courrier est distribué une fois par jour.	The mail is delivered once a day.
volant	steering wheel	/vɔlɑ̃/	noun		2984	Laisse les mains sur le volant.	Keep your hands on the wheel.
fumée	smoke	/fyme/	noun		2986	De la fumée s'échappait de la cheminée.	Smoke poured out of the chimney.
chanceux	lucky	/ʃɑ̃sø/	noun		2987	Je me sens chanceux d'avoir été choisi.	I feel lucky to have been chosen.
tasse	cup	/tas/	noun		2992	Je suis en train d'utiliser cette tasse.	I'm using that cup.
hall	hall	/ʼol/	noun		2997	N'ouvrez pas votre parapluie dans le hall.	Don't open your umbrella in the hall.
pile	battery	/pil/	noun		3001	Je dois remplacer la pile de la radio.	I have to replace the radio's battery.
risqué	risky	/ʁiske/	adjective		3015	Ne pensez-vous pas que ce soit risqué ?	Don't you think it's risky?
conduite	conduct	/kɔ̃dɥit/	noun		3020	J'ai honte de ta conduite.	I am ashamed of your conduct.
miroir	looking glass	/miʁwaʁ/	noun		3028	Aimes-tu regarder dans le miroir ?	Do you like looking in the mirror?
procédure	procedure	/pʁɔsedyʁ/	noun		3030	C'est une procédure de routine.	It's routine procedure.
dames	checkers	/dam/	noun		3034	À l'époque, j'adorais jouer aux dames.	Back in those days, I loved to play checkers.
golf	golf	/gɔlf/	noun		3042	J'ai perdu mon intérêt pour le golf.	I've lost interest in golf.
section	section	/sɛksjɔ̃/	noun		3044	Le chef de section a accepté la proposition.	The section chief accepted the proposal.
urgent	urgent	/yʁʒɑ̃/, /yʁʒ/	adjective		3060	Il y a un besoin urgent d'argent.	There is an urgent need for money.
profil	profile	/pʁɔfil/	noun		3061	J'essaie de faire profil bas.	I try to keep a low profile.
pointe	point	/pwɛ̃t/	noun		3065	Il utilise un crayon avec une pointe fine.	He uses a pencil with a fine point.
sauce	sauce	/sos/	noun		3068	Sur sa chemise se trouvait une tache de sauce.	On his shirt there was a sauce stain.
séance	session	/seɑ̃s/	noun		3069	Une bonne séance de yoga peut t'assouplir comme rien d'autre.	A good yoga session can limber you up like nothing else.
fiancé	fiancé	/fijɑ̃se/	noun		3070	Son fiancé lui offrit une très grosse bague.	Her fiancé gave her a very big ring.
boule	ball	/bul/	noun		3082	Il chiffonna la feuille de papier en une boule.	He crushed the sheet of paper up into a ball.
patience	patience	/pasjɑ̃s/	noun		3085	Je n'ai pas la patience pour ça.	I don't have the patience for this.
moto	motorcycle	/mɔto/	noun		3096	Ma moto est tombée en panne en chemin.	My motorcycle broke down on the way.
attitude	attitude	/atityd/	noun		3099	Ce qui me préoccupe, c'est son attitude.	What bothers me is his attitude.
proposition	proposition	/pʁɔpozisjɔ̃/	noun		3107	Je suis d'accord avec cette proposition.	I am in favor of the proposition.
serpent	snake	/sɛʁpɑ̃/	noun		3110	Le serpent glissant s'échappa de ses mains.	The slippery snake slithered right out of his hand.
télévision	television	/televizjɔ̃/	noun		3115	Je ne possède pas de poste de télévision.	I don't own a television.
intéressé	interested	/ɛ̃teʁɛse/	adjective		3116	Je suis très intéressé par la langue française.	I am very interested in French.
football	soccer	/futbol/	noun		3119	Le football ne plaît pas à mon père.	My father doesn't like soccer.
poison	poison	/pwazɔ̃/	noun		3120	Il a pris du poison par erreur.	He took poison by mistake.
paire	pair	/pɛʁ/	noun		3124	Je me suis acheté une paire de gants.	I bought a pair of gloves.
domaine	specialty	/dɔmɛn/	noun		3130	Ce n'est pas mon domaine.	This is not my specialty.
poussière	dust	/pusjɛʁ/	noun		3132	La poussière s'était accumulée sur le bureau.	Dust had accumulated on the desk.
visiter	to visit	/vizite/	verb		3133	On peut visiter la NHK n'importe quand.	You can visit NHK any time.
idéal	ideal	/ideal/	noun		3141	Le temps est idéal pour un pique-nique.	It's ideal weather for a picnic.
printemps	spring	/pʁɛ̃tɑ̃/	noun		3150	Combien de temps durent tes vacances de printemps ?	How long is your spring vacation?
profondément	deeply	/pʁɔfɔ̃demɑ̃/	adverb		3156	Je vous suis profondément reconnaissante pour votre gentillesse.	I am deeply grateful to you for your kindness.
légende	legend	/leʒɑ̃d/	noun		3161	La légende veut que cette maison soit hantée.	Legend has it that this house is haunted.
suffisamment	enough	/syfizamɑ̃/	adverb		3163	Il n'y a pas suffisamment de nourriture.	There's not enough food.
disparition	disappearance	/dispaʁisjɔ̃/	noun		3164	Les scientifiques débattent de sa théorie sur la disparition des dinosaures.	Scientists are debating his theory about the disappearance of the dinosaurs.
éducation	education	/edykasjɔ̃/	noun		3169	Il a reçu une bonne éducation en Angleterre.	He received a good education in England.
auparavant	before	/opaʁavɑ̃/	adverb		3174	Je savais que je l'avais vu auparavant.	I knew I'd seen it before.
mobile	cell phone	/mɔbil/	noun		3175	Pourriez-vous, s'il vous plait, me dire quel est votre numéro de téléphone mobile ?	Could you please tell me what your cell phone number is?
sable	sand	/sabl/	noun		3196	Le verre est fait à partir de sable.	Glass is made from sand.
balance	scale	/balɑ̃s/	noun		3197	Veuillez placer vos bagages sur cette balance.	Please put your baggage on this scale.
critique	criticism	/kʁitik/	noun		3198	Ne soyez pas si sensible à la critique.	Don't be so sensitive to criticism.
coïncidence	coincidence	/kɔɛ̃sidɑ̃s/	noun		3207	Il ne s'agit pas d'une coïncidence.	This is not a coincidence.
raisonnable	sound	/ʁɛzɔnabl/	adjective		3211	Ce qu'il dit me semble très raisonnable.	What he says sounds very sensible to me.
sensible	sensitive	/sɑ̃sibl/	adjective		3216	Ne soyez pas si sensible à la critique.	Don't be so sensitive to criticism.
imagination	imagination	/imaʒinasjɔ̃/	noun		3218	Je suis doté d'une imagination assez débordante.	I've got a pretty vivid imagination.
objection	objection	/ɔbʒɛksjɔ̃/	noun		3219	Elle souleva une objection importante à son argument.	She raised an important objection to his argument.
autorisation	permission	/otɔʁizasjɔ̃/	noun		3220	Les pirates informatiques s'introduisent dans les ordinateurs sans autorisation.	Hackers break into computers without permission.
chirurgie	surgery	/ʃiʁyʁʒi/	noun		3222	Il se décida à recourir à la chirurgie.	He decided to have surgery.
ordinaire	ordinary	/ɔʁdinɛʁ/	noun		3223	Ce n'est pas un homme ordinaire.	He is no ordinary man.
magazine	magazine	/magazin/	noun		3229	Pourquoi n'avez-vous pas lu le magazine ?	Why didn't you read the magazine?
matière	matter	/matjɛʁ/	noun		3230	Qui est responsable, en cette matière ?	Who's in charge of this matter?
solide	solid	/sɔlid/	noun		3239	Le lait se gela et devint solide.	The milk froze and became solid.
cercle	circle	/sɛʁkl/	noun		3242	Faites un cercle et tenez-vous la main.	Make a circle and hold hands.
extrêmement	extremely	/ɛkstʁɛmmɑ̃/	adverb		3247	Les prix sont de nos jours extrêmement élevés.	Prices these days are extremely high.
digne	worthy	/diɲ/	adjective		3248	Il n'est pas digne de toi.	He's not worthy of you.
cirque	circus	/siʁk/	noun		3249	Le cirque est en ville.	The circus is in town.
congé	holiday	/kɔ̃ʒe/	noun		3252	Ce n'est pas un jour de congé.	It's not a holiday.
beurre	butter	/bœʁ/	noun		3257	Le beurre est fait à partir de lait.	Butter is made from milk.
stade	stadium	/stad/	noun		3262	Combien faut-il de temps pour aller au stade ?	How long does it take to get to the stadium?
taux	rate	/to/	noun		3279	Quel est le taux de change du jour ?	What's today's exchange rate?
tireur	shooter	/tiʁœʁ/	noun		3280	C'est un tireur d'élite.	He is a sharp-shooter.
voyant	seeing	/vwajɑ̃/	noun		3285	En me voyant, ils se sont soudainement arrêtés de parler.	Seeing me, they suddenly stopped talking.
parfum	smell	/paʁfœ̃/	noun		3296	Un parfum de lys emplit la chambre.	A smell of lilies filled the room.
fêter	to celebrate	/fɛte/	verb		3298	Merci de m'aider à fêter mon anniversaire.	Thank you for helping me celebrate my birthday.
incapable	unable	/ɛ̃kapabl/	adjective		3301	Désolé mais je suis incapable de le faire.	Sorry, but I am unable to do so.
croix	cross	/kʁwa/	noun		3309	Fais une croix sur toutes les mauvaises réponses.	Cross out all the wrong answers.
thérapie	therapy	/teʁapi/	noun		3314	Je ne crois pas à la thérapie de groupe.	I don't believe in group therapy.
signature	signature	/siɲatyʁ/	noun		3317	Puis-je avoir votre signature ici, je vous prie ?	May I have your signature here, please?
brave	brave	/bʁav/	adjective		3327	C'est une fille, mais elle est brave.	She's a girl, but she's brave.
jeunesse	youth	/ʒœnɛs/	noun		3328	Il vous faut prendre en compte sa jeunesse.	You must allow for his youth.
sommet	top	/sɔmɛ/	noun		3335	Nous avons atteint le sommet de la montagne.	We reached the top of the mountain.
territoire	territory	/tɛʁitwaʁ/	noun		3340	Les forces armées occupèrent l’entièreté du territoire.	The armed forces occupied the entire territory.
portefeuille	wallet	/pɔʁtəfœj/	noun		3342	Je n'arrive pas à trouver mon portefeuille.	I can't find my wallet.
scénario	scenario	/senaʁjo/	noun		3345	Ce scénario est improbable.	That scenario is unlikely.
emprunter	to borrow	/ɑ̃pʁœ̃te/	verb		3346	Puis-je emprunter du liquide avec cette carte ?	Can I borrow cash with this card?
alibi	alibi	/alibi/	noun		3350	Elle disposait d'un alibi parfait.	She had a perfect alibi.
décès	death	/desɛ/	noun		3354	Nous enquêtons sur les décès de Tom et Marie.	We're investigating the deaths of Tom and Mary.
pressé	in a hurry	/pʁese/	adjective		3361	Il ne faut pas être si pressé.	Don't be in such a hurry.
cave	wine cellar	/kav/	noun		3368	Ils se sont cachés dans la cave.	They hid in the cellar.
progrès	progress	/pʁɔgʁɛ/	noun		3369	J'ai la sensation de faire des progrès.	I feel like I'm making progress.
panne	breakdown	/pan/	noun		3375	J'avais une panne.	I had a breakdown.
officiellement	officially	/ɔfisjɛlmɑ̃/	adverb		3378	Je fait maintenant officiellement partie de ce groupe.	I'm now officially part of this group.
invitation	invitation	/ɛ̃vitasjɔ̃/	noun		3383	Puis-je voir votre invitation, je vous prie ?	May I see your invitation please?
moche	ugly	/mɔʃ/	adjective		3395	Je pense que c'est très moche.	I think it's really ugly.
suffisant	enough	/syfizɑ̃/	adjective		3396	Je ne sais pas si ceci sera suffisant.	I don't know if this will be enough.
race	race	/ʁas/	noun		3411	Cette entreprise embauche des gens sans se préoccuper de race, de religion ou de nationalité.	That company hires people without regard to race, religion, or nationality.
injuste	wrong	/ɛ̃ʒyst/	adjective		3412	Comment quelque chose d'aussi injuste peut sembler si juste ?	How can something so wrong feel so right?
trafic	traffic	/tʁafik/	noun		3415	Le trafic était bloqué par un glissement de terrain.	Traffic was blocked by a landslide.
exercice	exercise	/ɛgzɛʁsis/	noun		3418	Un exercice régulier est excellent pour la santé.	Routine exercise is great for your health.
forts	strong	/fɔʁ/	adjective		3420	Vous n'avez pas l'air très forts.	You don't look very strong.
cabine	booth	/kabin/	noun		3423	J'ai laissé le parapluie dans la cabine téléphonique.	I have left my umbrella in the phone booth.
populaire	popular	/pɔpylɛʁ/	adjective		3428	Il est populaire auprès de tout le monde.	He is popular with everybody.
énervé	irritated	/enɛʁve/	adjective		3432	Pourquoi êtes-vous énervé ?	Why are you irritated?
électrique	electric	/elɛktʁik/	adjective		3434	Mon frère s'est acheté une guitare électrique.	My brother bought an electric guitar.
furieux	furious	/fyʁjø/	adjective		3436	Il est furieux de ce qu'ils lui ont fait.	He is furious at what they have done to him.
nation	nation	/nasjɔ̃/	noun		3438	En 1975, l'Angola est devenu une nation libre.	In 1975, Angola became a free nation.
traître	traitor	/tʁɛtʁ/	noun		3441	Je suis considéré comme traître à ce pays.	I'm considered a traitor to this country.
péché	sin	/peʃe/	noun		3445	Dire un mensonge est-il toujours un péché ?	Is it always a sin to tell a lie?
instinct	instinct	/ɛ̃stɛ̃/	noun		3446	Les animaux sont mus par leur instinct.	Animals act on instinct.
remise	discount	/ʁəmiz/	noun		3449	Y a-t-il une remise étudiant ?	Is there a student discount?
enregistrement	recording	/ɑ̃ʁəʒistʁəmɑ̃/	noun		3453	Je pense que cet enregistrement est important.	I think that recording is important.
original	original	/ɔʁiʒinal/	noun		3456	Ce n'est pas très original.	That's not very original.
agression	aggression	/agʁesjɔ̃/, /agʁɛsjɔ̃/	noun		3457	La frontière est mince entre affirmation de soi et agression.	There's a fine line between assertiveness and aggression.
employé	employee	/ɑ̃plwaje/	noun		3461	Posez-vous cette question à chaque nouvel employé ?	Do you ask every new employee that question?
angle	angle	/ɑ̃gl/	noun		3467	Un angle droit mesure 90 degrés.	A right angle has ninety degrees.
neveu	nephew	/nəvø/	noun		3469	Tout son argent est allé à son neveu.	All her money went to her nephew.
température	temperature	/tɑ̃peʁatyʁ/	noun		3472	Plus haut tu montes, plus la température chute.	The higher you go, the lower the temperature.
bourse	stock exchange	/buʁs/	noun		3475	La Bourse a été étonnamment calme aujourd'hui.	The stock market was surprisingly quiet today.
poubelle	trash can	/pubɛl/	noun		3478	Descends la poubelle, s'il te plaît !	Please take out the trash.
compétition	competition	/kɔ̃petisjɔ̃/	noun		3482	Il a été disqualifié de la compétition.	He was disqualified from the competition.
pouls	pulse	/pu/	noun		3486	Je peux déjà sentir mon pouls s'accélérer.	I can feel my pulse quickening already.
échelle	ladder	/eʃɛl/	noun		3495	S'il te plaît, tiens cette échelle fermement.	Please hold this ladder steady.
commission	commission	/kɔmisjɔ̃/	noun		3496	La commission conclut que la réponse était non.	The commission concluded that the answer was no.
tribu	tribe	/tʁiby/	noun		3497	C'est le chef de sa tribu depuis 35 ans.	He has been the chief of his tribe for 35 years.
comédie	comedy	/kɔmedi/	noun		3499	La comédie est quelque chose qui fait rire.	Comedy is something that makes you laugh.
accueil	welcome	/akœj/	noun		3501	Nous avons reçu un accueil cordial de leur part.	We received a cordial welcome from them.
absurde	absurd	/apsyʁd/	adjective		3506	Il est absurde d'essayer de le persuader.	It is absurd trying to persuade him.
souffrance	suffering	/sufʁɑ̃s/	noun		3507	Pourquoi la vie est-elle si remplie de souffrance ?	Why is life so full of suffering?
rattraper	to catch up with	/ʁatʁape/	verb		3508	Si tu te dépêches, tu pourras le rattraper.	If you hurry, you will catch up with him.
réception	reception	/ʁesɛpsjɔ̃/	noun		3516	Veuillez venir récupérer vos colis à la réception.	Please come pick up your package at the reception.
négatif	negative	/negatif/	noun		3523	Ne soyez pas si négatif !	Don't be so negative.
ivre	drunk	/ivʁ/	adjective		3529	Vous étiez ivre, la nuit dernière, pas vrai ?	You were drunk last night, weren't you?
langage	language	/lɑ̃gaʒ/	noun		3533	Le langage peut-être employé de diverses manières.	Language can be used in many ways.
tunnel	tunnel	/tynɛl/	noun		3534	Notre train est passé dans un long tunnel.	Our train went through a long tunnel.
poudre	powder down	/pudʁ/	noun		3537	Je n'aime pas le sucre en poudre.	I don't like powdered sugar.
influence	influence	/ɛ̃flyɑ̃s/	noun		3540	Notre influence s'est beaucoup étendue depuis lors.	Our sphere of influence has expanded so much since then.
tarte	pie	/taʁt/	noun		3549	Quelqu'un veut encore un peu de tarte ?	Does anyone want some more pie?
hauteur	height	/ʼotœʁ/	noun		3551	J'ai peur de la hauteur.	I'm scared of heights.
finale	final	/final/	noun		3553	Nous lui avons laissé la décision finale.	We left the final decision to him.
déçu	disappointed	/desy/	adjective		3559	J'espère qu'il ne sera pas déçu.	I hope he won't be disappointed.
production	production	/pʁɔdyksjɔ̃/	noun		3560	La production du riz a diminué.	Production of rice has decreased.
bible	bible	/bibl/	noun		3561	C'est écrit ainsi dans la Bible.	The Bible has it written like this.
indice	clue	/ɛ̃dis/	noun		3572	Il se peut que ce soit un indice important.	That may be an important clue.
effrayant	scary	/efʁɛjɑ̃/	adjective		3577	C'est un peu effrayant.	It's a little scary.
actrice	actress	/aktʁis/	noun		3581	Elle a eu l'intention de devenir actrice.	She intended to become an actress.
entrepôt	warehouse	/ɑ̃tʁəpo/	noun		3587	Il travaille comme gardien dans un entrepôt.	He is working as a security guard at a warehouse.
oxygène	oxygen	/ɔksiʒɛn/	noun		3588	Nous ne pouvons pas vivre sans oxygène.	We can't live without oxygen.
salade	salad	/salad/	noun		3597	J'ai mangé une salade pour le déjeuner.	I ate a salad for lunch.
matinée	morning	/matine/	noun		3599	Je suis resté au lit toute la matinée.	I stayed in bed all morning.
rage	rabies	/ʁaʒ/	noun		3602	La rage est la maladie la plus mortelle sur terre.	Rabies is the deadliest disease on earth.
gagnant	winner	/gaɲɑ̃/	noun		3605	Il prononça le nom du gagnant.	He called out the name of the winner.
frigo	fridge	/fʁigo/	noun		3608	Il y a du lait dans le frigo.	There's milk in the fridge.
stress	stress	/stʁɛs/	noun		3613	Le karaoké est bon pour diminuer le stress.	Karaoke is good for reducing stress.
guide	guide	/gid/	noun		3618	J'aimerais un guide officiel qui sache parler anglais.	I want a licensed guide who speaks English.
fauteuil	armchair	/fotœj/	noun		3622	Ce fauteuil est confortable pour s'asseoir dedans.	This armchair is comfortable to sit in.
noble	noble	/nɔbl/	noun		3625	C'est un homme de famille noble.	He is a man of noble birth.
auteur	author	/otœʁ/	noun		3627	Cet auteur est critique des média traditionnels.	This author is critical of the mainstream media.
espion	spy	/ɛspjɔ̃/	noun		3638	L'un d'entre eux est un espion.	One of them is a spy.
album	album	/albɔm/	noun		3639	Il y a un album sur l'étagère.	There is an album on the shelf.
violent	violent	/vjɔlɑ̃/, /vjɔl/	adjective		3642	Je ne suis pas quelqu'un de violent.	I'm not a violent person.
serment	oath	/sɛʁmɑ̃/	noun		3649	Les docteurs font le serment de ne blesser personne.	Doctors take an oath not to harm anyone.
promotion	promotion	/pʁɔmɔsjɔ̃/	noun		3652	Ton père a été gratifié d'une promotion.	Your father got a promotion.
robot	robot	/ʁɔbo/	noun		3660	Le nom de mon robot est Multi.	My robot's name is Multi.
collection	collection	/kɔlɛksjɔ̃/	noun		3668	J'ai une grande collection de timbres.	I have a large collection of stamps.
communication	communication	/kɔmynikasjɔ̃/	noun		3671	La gestuelle est un autre moyen de communication.	Gesture is another way of communication.
vague	wave	/vag/	noun		3675	Une grosse vague a renversé le canoë.	A big wave turned over his canoe.
laboratoire	lab	/labɔʁatwaʁ/	noun		3679	Ils sont dans le laboratoire de sciences.	They're in the science lab.
naturellement	of course	/natyʁɛlmɑ̃/	adverb		3681	Ça ne veut naturellement pas dire qu'ils ont raison.	That, of course, does not mean that they are right.
charme	spell	/ʃaʁm/	noun		3684	Raspoutine tenait toute la cour de Russie sous son charme.	Rasputin had the whole Russian court under his spell.
terroriste	terrorist	/tɛʁɔʁist/	noun		3688	Le terroriste pour l'un est un combattant de la liberté pour un autre.	One man's terrorist is another man's freedom fighter.
livraison	delivery	/livʁɛzɔ̃/	noun		3691	Une livraison accélérée coûtera dix dollars de plus.	Expedited delivery will cost an additional ten dollars.
efficace	effective	/efikas/	adjective		3694	Ce n'est efficace qu'à courte portée.	It's only effective at close range.
diplôme	degree	/diplom/	noun		3696	J'obtiens un diplôme supérieur en éducation.	I'm getting a master's degree in education.
interne	internal	/ɛ̃tɛʁn/	adjective		3698	J'ai peur d'avoir une hémorragie interne.	I'm afraid I have internal bleeding.
ennuyeux	boring	/ɑ̃nɥijø/	adjective		3699	Ce n'est pas amusant, c'est ennuyeux.	This isn't fun. This is boring.
électricité	electricity	/elɛktʁisite/	noun		3700	Je ne peux pas imaginer vivre sans électricité.	I can't imagine living without electricity.
révolution	revolution	/ʁevɔlysjɔ̃/	noun		3711	Après la Révolution, la France devint une République.	After the revolution, France became a republic.
barbe	beard	/baʁb/	noun		3715	J'adore les hommes qui portent la barbe.	I love men with beards.
pari	bet	/paʁi/	noun		3716	Elle a fait un pari avec lui.	She made a bet with him.
commerce	trade	/kɔmɛʁs/	noun		3720	Le commerce aide les pays à se développer.	Trade helps nations develop.
tuyau	pipe	/tɥijo/	noun		3731	Le tuyau d'eau fuit.	That water pipe leaks.
total	total	/tɔtal/	noun		3735	Combien d'argent as-tu dépensé au total ?	How much money did you spend in total?
actuellement	at present	/aktɥɛlmɑ̃/	adverb		3742	Actuellement, la cause de la maladie reste inconnue.	At present, the cause of the disease is unknown.
étudié	studied	/etydje/	adjective		3747	J'ai étudié le français pendant des années.	I've studied French for years.
bol	bowl	/bɔl/	noun		3748	J'emploie un bol et une cuillère.	I'm using a bowl and a spoon.
micro	mike	/mikʁo/	noun		3753	Je lui ai donné le micro.	I handed the mike to him.
plastique	plastic	/plastik/	noun		3755	Les boîtes en plastique durent plus longtemps.	Plastic boxes last longer.
dégoûtant	disgusting	/degutɑ̃/	adjective		3758	Ne sois pas dégoûtant.	Don't be disgusting.
égoïste	selfish	/egɔist/	noun		3761	Il me semble qu'elle est un peu égoïste.	It seems to me that she is a little selfish.
culpabilité	guilt	/kylpabilite/	noun		3771	Je crains qu'il ne reconnaisse jamais sa culpabilité.	I'm afraid he will never admit his guilt.
las	tired	/la/, /las/	adjective		3772	Je suis trop las pour conduire. Pourrais-tu le faire ?	I'm too tired to drive. Could you drive?
nucléaire	nuclear	/nykleɛʁ/	adjective		3776	L'ère du nucléaire n'est pas encore terminée.	The age of nuclear power is not yet over.
régime	diet	/ʁeʒim/	noun		3784	Elle fait un régime pour perdre du poids.	She is on a diet to lose weight.
fidèle	faithful	/fidɛl/	adjective		3792	Il a toujours été fidèle à sa femme.	He was always faithful to his wife.
remède	medicine	/ʁəmɛd/	noun		3795	Le remède n'a pas eu d'effet.	The medicine had no effect.
rang	row	/ʁɑ̃/	noun		3807	Nous avons perdu trois jeux dans un rang.	We've lost three games in a row.
fierté	pride	/fjɛʁte/	noun		3811	Tu es ma fierté et ma joie.	You are my pride and joy.
congrès	congress	/kɔ̃gʁɛ/	noun		3814	Madison a fait un discours émouvant au Congrès.	Madison made an emotional speech in Congress.
pratiquement	almost	/pʁatikmɑ̃/	adverb		3816	Je n'ai pratiquement pas d'appétit.	I have almost no appetite.
lecture	reading	/lɛktyʁ/	noun		3825	J'ai poursuivi la lecture de l'ouvrage.	I continued reading the book.
rond	circle	/ʁɔ̃/	noun		3826	Les élèves sont assis en rond.	The students are sitting in a circle.
intelligence	intelligence	/ɛ̃teliʒɑ̃s/	noun		3832	N'insulte pas mon intelligence.	Don't insult my intelligence.
religion	religion	/ʁəliʒjɔ̃/	noun		3847	Nous devons séparer la politique de la religion.	We must separate politics from religion.
pourri	rotten	/puʁi/	adjective		3850	Cette nourriture a une odeur de pourri.	This food smells rotten.
esclave	slave	/ɛsklav/	noun		3851	Je refuse que tu me traites comme une esclave.	I refuse to be treated like a slave by you.
particulièrement	particularly	/paʁtikyljɛʁmɑ̃/	adverb		3853	Je ne veux pas particulièrement le faire.	I don't particularly want to do it.
tradition	tradition	/tʁadisjɔ̃/	noun		3854	Il a tourné le dos à la vieille tradition.	He turned his back on the old tradition.
stratégie	strategy	/stʁateʒi/	noun		3859	L'espoir n'est pas une stratégie.	Hope is not a strategy.
chasseur	hunter	/ʃasœʁ/	noun		3860	Un chasseur chassait des lièvres avec son chien.	The hunter hunted rabbits with his dog.
guitare	guitar	/gitaʁ/	noun		3864	Il ne sait pas jouer de la guitare.	He cannot play guitar.
attaché	attaché	/ataʃe/	noun		3866	Je suis toujours attaché à ce vélo.	I am still attached to this bicycle.
amant	lover	/amɑ̃/	noun		3873	Elle a été vue au restaurant avec son amant.	She was seen at a restaurant with her lover.
défi	challenge	/defi/	noun		3878	J'ai besoin d'un défi plus élevé.	I need a bigger challenge.
chirurgien	surgeon	/ʃiʁyʁʒjɛ̃/	noun		3882	Le chirurgien a amputé la mauvaise jambe.	The surgeon amputated the wrong leg.
accent	accent	/aksɑ̃/	noun		3888	Je n'arrive pas à localiser son accent.	I can't quite place his accent.
personnalité	personality	/pɛʁsɔnalite/	noun		3890	Il est doté d'une forte personnalité.	He has a strong personality.
commandement	command	/kɔmɑ̃dmɑ̃/	noun		3892	Les militaires ont une chaîne de commandement très stricte.	The military has a very strict chain of command.
lampe	lamp	/lɑ̃p/	noun		3893	J'éteignis la lampe et allai dormir.	I turned off the lamp and went to sleep.
centrale	power plant	/sɑ̃tʁal/	noun		3897	La centrale électrique alimente le quartier éloigné en électricité.	The power plant supplies the remote district with electricity.
dessin	picture	/desɛ̃/	noun		3916	Elle l'a regardé tracer un dessin.	She watched him draw a picture.
généreux	generous	/ʒeneʁø/	adjective		3917	Il est généreux envers ses amis.	He is generous to his friends.
bourré	drunk as a skunk	/buʁe/	adjective		3919	Je suis bourré, mais je sais encore parler allemand.	I'm drunk, but I can still speak German.
manuel	textbook	/manɥɛl/	noun		3921	Ce manuel scolaire est trop dur pour moi.	This textbook is too hard for me.
boisson	drink	/bwasɔ̃/	noun		3924	Je crève d'envie d'une boisson fraîche.	I'm dying for a cold drink.
appétit	appetite	/apeti/	noun		3927	Grâce à toi j'ai perdu mon appétit.	Thanks to you I've lost my appetite.
câble	cable	/kabl/	noun		3934	J'ai besoin d'un nouveau câble USB.	I need a new USB cable.
disponible	available	/dispɔnibl/	adjective		3940	Ce livre n'est pas disponible au Japon.	This book is not available in Japan.
dose	dose	/doz/	noun		3943	Assurez-vous de prendre une dose trois fois par jour.	Please be sure to take one dose three times a day.
coma	coma	/kɔma/	noun		3944	Tu étais dans le coma.	You were in a coma.
cuisiner	to cook	/kɥizine/	verb		3945	Elle est en train de cuisiner pour lui.	She is cooking for him.
correctement	correctly	/kɔʁɛktəmɑ̃/	adverb		3975	Je sais que j'ai correctement calculé la facture.	I know that I calculated the bill correctly.
complexe	complex	/kɔ̃plɛks/	noun		3981	La métrique du poème est hautement complexe.	The poem's rhyme scheme is highly complex.
portrait	portrait	/pɔʁtʁɛ/	noun		3985	C’est un portrait de mon défunt père.	This is a portrait of my late father.
