french	meaning_en	ipa	part_of_speech	gender	frequency_rank	example_fr	example_en
balle	ball	/bal/	noun	f	541	Lance-moi la balle, s'il te plaît.	Please throw me the ball.
utile	useful	/ytil/	adjective		1250	La serviette n'était pas utile du tout.	The towel wasn't useful at all.
magie	magic	/maʒi/	noun	f	1416	Je ne crois pas à la magie.	I don't believe in magic.
taper	to type	/tape/	verb		1582	Pourriez-vous taper cette lettre pour moi ?	Could you type this letter for me?
réagir	to react	/ʁeaʒiʁ/	verb		1835	Je ne savais pas comment réagir.	I didn't know how to react.
drôle	funny	/dʁol/	adjective		565	Je veux savoir ce qui est si drôle.	I want to know what's so funny.
incendie	fire	/ɛ̃sɑ̃di/	noun		2615	Hier, un incendie a éclaté dans le voisinage.	A fire broke out in the neighborhood yesterday.
processus	process	/pʁɔsesys/	noun		3822	C'est un processus très simple.	It's a very simple process.
remarque	remark	/ʁəmaʁk/	noun		3989	Sa remarque m'a tapé sur les nerfs.	Her remark got on my nerves.
désastre	disaster	/dezastʁ/	noun		3990	Nous allons au devant d'un désastre.	We're heading for disaster.
cabane	hut	/kaban/	noun		4014	Cette cabane est un endroit très spécial.	This hut is a very special place.
budget	budget	/bydʒɛ/	noun		4017	Notre budget ne permettra pas ce luxe.	Our budget won't allow that luxury.
serviette	towel	/sɛʁvjɛt/	noun		4027	Je vais te chercher une serviette de toilette.	I'll get you a towel.
méthode	way	/metɔd/	noun		4029	Elle a une méthode particulière pour faire du pain.	She has a special way of making bread.
priorité	priority	/pʁijɔʁite/	noun		4041	La satisfaction client est notre priorité numéro un.	Customer satisfaction is our number one priority.
passeport	passport	/paspɔʁ/	noun		4047	Montrez-moi votre passeport, s'il vous plaît.	Show me your passport, please.
toast	toast	/tost/	noun		4060	J'aime tartiner du miel sur mon toast le matin.	I like to spread honey on my toast in the morning.
bâton	stick	/batɔ̃/	noun		4061	Touillez la peinture à l'aide d'un bâton !	Stir the paint with a stick.
reconnaissant	grateful	/ʁəkɔnɛsɑ̃/	adjective		4071	Je te suis très reconnaissant pour ton conseil.	I am very grateful to you for your advice.
interview	interview	/ɛ̃tɛʁvju/	noun		4079	Cet après-midi nous allons donner une interview.	This afternoon we will have an interview.
batterie	cell	/batʁi/	noun		4087	La batterie de mon portable flanche.	The battery on my cell phone is running low.
clown	clown	/klun/	noun		4093	Le clown a fait exprès de tomber.	The clown fell down on purpose.
positif	positive	/pozitif/	adjective		4095	Le produit de deux nombres négatifs est positif.	The product of two negative numbers is positive.
jungle	jungle	/ʒœ̃gl/	noun		4097	Le lion est le roi de la jungle.	The lion is the king of the jungle.
équipement	equipment	/ekipmɑ̃/	noun		4098	On m'a autorisé à inspecter cet équipement.	I've been given permission to inspect this equipment.
complice	accomplice	/kɔ̃plis/	noun		4100	Les policiers disent qu'ils savent que vous aviez un complice.	The police say they know you had an accomplice.
tester	to test	/tɛste/	verb		4109	Je veux tester mes limites.	I want to test my limits.
bâtard	mongrel	/bataʁ/	noun		4111	Ce chien est un bâtard.	This dog is a mongrel.
loyauté	loyalty	/lwajote/	noun		4118	Je mets votre loyauté en doute.	I question your loyalty.
techniquement	technically	/tɛknikmɑ̃/	adverb		4119	C'est techniquement illégal.	It's technically illegal.
cravate	tie	/kʁavat/	noun		4120	Je pense que je vais acheter cette cravate.	I think I'll buy this tie.
collège	high school	/kɔlɛʒ/	noun		4129	Il enseigne dans un collège de filles.	He teaches in a girls' high school.
leader	leader	/lidœʁ/	noun		4130	T'as n'as pas les qualités d'un leader.	You don't have what it takes to be a leader.
charité	charity	/ʃaʁite/	noun		4146	Je n'ai pas besoin de votre charité.	I don't need your charity.
quart	quarter	/kaʁ/	noun		4153	Il est trois heures moins le quart.	It's a quarter to three.
moderne	modern	/mɔdɛʁn/	adjective		4158	Je ne comprends vraiment pas la sculpture moderne.	I just don't get modern sculpture.
résolu	solved	/ʁezɔly/	adjective		4159	Quelqu'un a-t-il résolu le mystère ?	Has anybody solved this mystery?
sincère	sincere	/sɛ̃sɛʁ/	adjective		4168	Je ne pense pas qu'il soit sincère.	I don't think he is sincere.
saut	jump	/so/	noun		4170	Le saut à l'élastique, c'est effrayant ou amusant ?	Is bungee jumping frightening or fun?
précisément	exactly	/pʁesizemɑ̃/	adverb		4179	Je sais précisément de qui il s'agit.	I know exactly who it is.
cruel	cruel	/kʁyɛl/	adjective		4197	Ne sois pas cruel envers les animaux.	Don't be cruel to animals.
probable	likely	/pʁɔbabl/	adjective		4200	Il est probable qu'il soit en retard.	He's likely to be late.
scandale	scandal	/skɑ̃dal/	noun		4201	Y a-t-il eu un scandale ?	Was there a scandal?
invisible	invisible	/ɛ̃vizibl/	adjective		4204	Au milieu de la neige le lapin blanc était invisible.	Against the snow, the white rabbit was invisible.
mélange	mixture	/melɑ̃ʒ/	noun		4205	L'air est un mélange de plusieurs gaz.	Air is a mixture of several gases.
échantillon	sample	/eʃɑ̃tijɔ̃/	noun		4215	Seriez-vous disposé à m'envoyer un échantillon gratuitement ?	Would you be willing to send me a sample free of charge?
funérailles	funeral	/fyneʁaj/	noun		4226	Beaucoup de gens prirent part à ses funérailles.	Many attended his funeral.
dessert	dessert	/desɛʁ/	noun		4237	J'ai toujours la place pour le dessert.	I always have room for dessert.
veuve	widow	/vœv/	noun		4240	La veuve était vêtue de noir.	The widow was dressed in black.
effectivement	really	/efɛktivmɑ̃/	adverb		4242	Je doute que ce soit ce qui s'est effectivement passé.	I doubt that's what really happened.
dernièrement	recently	/dɛʁnjɛʁmɑ̃/	adverb		4243	Je n'ai pas vraiment d'appétit dernièrement.	Recently, I don't have much appetite.
moyenne	average	/mwajɛn/	noun		4245	Son travail est en dessous de la moyenne.	His work is below average.
gênant	embarrassing	/ʒenɑ̃/	adjective		4254	C'est un peu gênant.	This is kind of embarrassing.
capacité	ability	/kapasite/	noun		4270	Il a la capacité d'accomplir le travail.	He has the ability to do the work.
sensation	sensation	/sɑ̃sasjɔ̃/	noun		4274	J'avais la sensation persistante de l'avoir vu quelque part auparavant.	I had a nagging sensation that I'd seen him somewhere before.
pasteur	pastor	/pastœʁ/	noun		4285	La jeune fille ferma les yeux et écouta le pasteur.	The girl closed her eyes and listened to the pastor.
stable	stable	/stabl/	adjective		4294	L'économie du Japon est encore stable.	The economy of Japan is still stable.
poker	poker	/pɔkɛʁ/	noun		4297	Elle ne voulait pas qu'il joue au poker.	She didn't want him to play poker.
littéralement	literally	/liteʁalmɑ̃/	adverb		4299	Je ne voulais pas littéralement dire ça.	I didn't mean that literally.
panneau	sign	/pano/	noun		4305	Il y avait un panneau disant "Pelouse interdite".	There was a sign saying, "Keep off the grass."
marge	margin	/maʁʒ/	noun		4313	La marge bénéficiaire de cette entreprise est très importante.	This company's profit margin is very big.
possession	possession	/pɔsesjɔ̃/	noun		4319	Je n'ai jamais eu plus de 500 dollars en ma possession.	I have never had more than $500 in my possession.
vendeur	salesman	/vɑ̃dœʁ/	noun		4322	Je me suis fait avoir par le vendeur.	I was taken in by the salesman.
combinaison	combination	/kɔ̃binɛzɔ̃/	noun		4326	Je ne me souviens pas de la combinaison.	I can't remember the combination.
séjour	stay	/seʒuʁ/	noun		4329	Nous espérons que vous avez apprécié votre séjour.	We hope you enjoyed your stay.
exception	exception	/ɛksɛpsjɔ̃/	noun		4331	Le Portugal n'est pas une exception.	Portugal is not an exception.
poing	fist	/pwɛ̃/	noun		4337	Un poing fermé peut être une indication de stress.	A closed fist can indicate stress.
chapitre	chapter	/ʃapitʁ/	noun		4339	Je vais traiter le problème dans ce chapitre.	I'm going to deal with the problem in this chapter.
four	oven	/fuʁ/	noun		4340	Il y a des biscuits dans le four.	There are cookies in the oven.
association	association	/asɔsjasjɔ̃/	noun		4342	Elle a fondé une association pour aider des aveugles.	She set up an association to help blind people.
publicité	advertising	/pyblisite/	noun		4347	La publicité vend des produits sur les ondes.	Advertising sells products over the air.
motif	pattern	/mɔtif/	noun		4349	Je vois un motif qui se répète.	I see a pattern.
boue	mud	/bu/	noun		4356	Il était dans la boue jusqu'aux genoux.	He was knee deep in mud.
apparence	appearance	/apaʁɑ̃s/	noun		4367	Ne juge pas quelqu'un sur son apparence.	Don't judge people by appearance.
gentleman	gentleman	/dʒɛntləman/	noun		4375	Ce n'est pas du tout un gentleman.	He is not at all a gentleman.
règlement	rules	/ʁɛgləmɑ̃/	noun		4386	Veuillez obéir au règlement de l'école.	Please obey the school rules.
aimable	kind	/ɛmabl/	adjective		4389	Seriez-vous assez aimable pour fermer cette fenêtre ?	Would you be so kind as to shut that window?
symbole	symbol	/sɛ̃bɔl/	noun		4392	Le pentacle est un symbole important en sorcellerie.	The pentagram is an important symbol in witchcraft.
endormi	asleep	/ɑ̃dɔʁmi/	adjective		4393	Je me suis endormi en lisant un livre.	I fell asleep while reading a book.
revanche	revenge	/ʁəvɑ̃ʃ/	noun		4399	Nous te donnerons ta revanche.	We'll give you your revenge.
rarement	seldom	/ʁaʁmɑ̃/	adverb		4400	Ma mère regarde rarement la télévision le soir.	My mother seldom watches TV at night.
rembourser	to repay	/ʁɑ̃buʁse/	verb		4409	Comment puis-je vous rembourser ?	How can I repay you?
vallée	valley	/vale/	noun		4412	Une rivière coule à travers la vallée.	A river flows through the valley.
couronne	crown	/kuʁɔn/	noun		4418	La couronne de la Reine était d'or.	The Queen's crown was made of gold.
plante	plant	/plɑ̃t/	noun		4421	Cette plante a poussé petit à petit.	This plant grew little by little.
menu	menu	/məny/	noun		4422	Montrez-moi le menu, s’il vous plait.	Please show me the menu.
légal	legal	/legal/	adjective		4425	Il n'est pas possible que ce soit légal.	That can't be legal.
branche	branch	/bʁɑ̃ʃ/	noun		4439	Il s'est tenu fermement à la branche.	He held on firmly to the branch.
goutte	drop	/gut/	noun		4464	Je viens de sentir une goutte de pluie.	I just felt a drop of rain.
ticket	ticket	/tikɛ/	noun		4466	J'ai montré mon ticket devant la porte.	I showed my ticket at the door.
statue	statue	/staty/	noun		4485	La statue n'a pas de tête.	The statue has no head.
basket	basketball	/baskɛt/	noun		4492	Nous sommes là pour jouer au basket.	We're here to play basketball.
pathétique	pathetic	/patetik/	adjective		4495	Vous êtes si pathétique.	You're so pathetic.
casque	helmet	/kask/	noun		4503	Tu ferais mieux de mettre ton casque intégral.	You had better put on your crash helmet.
prime	bonus	/pʁim/	noun		4507	J'ai obtenu une prime.	I got a bonus.
poignée	door handle	/pwaɲe/	noun		4524	La poignée de porte est cassée.	The door handle is broken.
boucle	loop	/bukl/	noun		4533	Laisse-moi dans la boucle.	Keep me in the loop.
mordu	buff	/mɔʁdy/	noun		4534	C'est un mordu de cinéma.	He's a movie buff.
légitime	rightful	/leʒitim/	adjective		4536	Ces objets doivent être rendus à leur propriétaire légitime.	These items must be returned to their rightful owner.
douloureux	painful	/duluʁø/	adjective		4542	Je savais que ce serait douloureux.	I knew it would be painful.
chagrin	grief	/ʃagʁɛ̃/	noun		4568	Elle a essayé de dissimuler son chagrin à la fête.	She tried to conceal her grief at the party.
enquêter	to investigate	/ɑ̃kɛte/	verb		4596	Le gouvernement désigna une commission pour enquêter sur l'accident.	The government appointed a committee to investigate the accident.
tarder	to late	/taʁde/	verb		4606	Le printemps va tarder à venir.	Spring will be late.
contrairement	against	/kɔ̃tʁɛʁmɑ̃/	adverb		4615	Elle l'incinéra, contrairement à ses dernières volontés.	She cremated him against his wishes.
colline	hill	/kɔlin/	noun		4625	Ils se tenaient au haut de la colline.	They stood on the top of the hill.
puits	well	/pɥi/	noun		4633	Quelle est la profondeur de ce puits ?	How deep is this well?
république	republic	/ʁepyblik/	noun		4642	Après la Révolution, la France devint une République.	After the revolution, France became a republic.
testament	will	/tɛstamɑ̃/	noun		4647	Il a fait un testament l'année dernière.	He made a will last year.
facture	bill	/faktyʁ/	noun		4648	Vous n'auriez pas dû payer la facture.	You shouldn't have paid the bill.
médaille	medal	/medaj/	noun		4653	Il a emporté une médaille d'or.	He won a gold medal.
blé	wheat	/ble/	noun		4661	Je suis en train de récolter du blé.	I am harvesting wheat.
guerrier	warrior	/gɛʁje/	noun		4662	Le guerrier connaît à la fois ses forces et ses faiblesses.	The warrior is conscious of both his strength and his weakness.
enveloppe	envelope	/ɑ̃vlɔp/	noun		4674	J'ai besoin d'une enveloppe.	I need an envelope.
manche	sleeve	/mɑ̃ʃ/	noun		4676	Il s'essuya le nez dans sa manche.	He wiped his nose on his sleeve.
magicien	magician	/maʒisjɛ̃/	noun		4697	Le magicien avait capté l'attention des enfants.	The magician had the children's attention.
piquer	to sting	/pike/	verb		4701	Le café était tellement enfumé que mes yeux commençaient à piquer.	The bar was so smoky that my eyes started to sting.
canard	duck	/kanaʁ/	noun		4703	Où est le canard en caoutchouc ?	Where is the rubber duck?
lancement	launch	/lɑ̃smɑ̃/	noun		4704	La fusée explosa quelques secondes après son lancement.	The rocket blew up a few seconds after launch.
gym	gym	/ʒim/	noun		4706	Il te faut aller à la gym.	You need to hit the gym.
punir	to punish	/pyniʁ/	verb		4708	Punir les mauvais et sauver les faibles.	Punish the wicked and save the weak.
hélicoptère	helicopter	/elikɔptɛʁ/	noun		4710	Un hélicoptère peut décoller et atterrir à la verticale.	A helicopter is able to take off and land straight up and down.
dinde	turkey	/dɛ̃d/	noun		4711	J'ai mangé un sandwich à la dinde.	I ate a turkey sandwich.
tube	tube	/tyb/	noun		4724	Il pressa la pâte dentifrice hors du tube.	He squeezed the toothpaste out of a tube.
époux	spouse	/epu/	noun		4728	Si vous avez bu, peut-être que votre époux peut vous reconduire chez vous.	If you've been drinking, perhaps your spouse can drive you home.
tendu	tense	/tɑ̃dy/	adjective		4729	C'est assez tendu, n'est-ce pas ?	This is pretty tense, isn't it?
pouce	thumb	/pus/	noun		4738	Il s'est accidentellement frappé le pouce avec son marteau.	He accidentally hit his thumb with the hammer.
infection	infection	/ɛ̃fɛksjɔ̃/	noun		4739	J'ai une infection à l'oreille.	I have an ear infection.
faiblesse	weakness	/fɛblɛs/	noun		4740	Vous tirez avantage de sa faiblesse.	You're taking advantage of her weakness.
remarquable	remarkable	/ʁəmaʁkabl/	adjective		4745	Il a une mémoire remarquable.	He has a remarkable memory.
malentendu	misunderstanding	/malɑ̃tɑ̃dy/	noun		4751	Il doit y avoir un malentendu entre nous.	There must be some misunderstanding between us.
morgue	morgue	/mɔʁg/	noun		4760	Ça doit vraiment être sinistre de travailler dans une morgue.	It must be really creepy to work in a morgue.
atmosphère	atmosphere	/atmɔsfɛʁ/	noun		4774	Il règne une atmosphère amicale dans le bureau.	There is a friendly atmosphere in the office.
délit	crime	/deli/	noun		4775	C'est un délit.	That's a crime.
requin	shark	/ʁəkɛ̃/	noun		4781	Le requin-baleine est le plus grand requin du monde.	The whale shark is the largest shark in the world.
conscient	aware	/kɔ̃sjɑ̃/	adjective		4789	Il ne semble pas être conscient des problèmes.	He doesn't seem to be aware of the problems.
terriblement	awfully	/tɛʁibləmɑ̃/	adverb		4802	Je suis terriblement fatigué.	I'm awfully tired.
revue	magazine	/ʁəvy/	noun		4808	Je lui ai prêté une revue.	I lent him a magazine.
ruiner	to ruin	/ʁɥine/	verb		4813	Tu devrais vraiment laisser tomber ça. Ça va ruiner ta santé.	You should really lay off that. It'll ruin your health.
fascinant	fascinating	/fasinɑ̃/	adjective		4825	Je pense que c'est fascinant.	I think it's fascinating.
sagesse	wisdom	/saʒɛs/	noun		4837	Le roi Salomon était connu pour sa sagesse.	King Solomon was known for his wisdom.
douzaine	dozen	/duzɛn/	noun		4845	Nous avons acheté les produits à 3$ la douzaine.	We bought the goods at $3 a dozen.
fusillade	shooting	/fyzijad/	noun		4846	Penses-tu que la fusillade a été accidentelle ?	Do you think the shooting was accidental?
connexion	connection	/kɔnɛksjɔ̃/	noun		4853	Pensez-vous qu'il y ait une connexion ?	Do you think there's a connection?
sourd	deaf	/suʁ/	adjective		4862	Le pauvre enfant était né sourd-muet.	The poor child was born deaf and dumb.
industrie	industry	/ɛ̃dystʁi/	noun		4864	Détroit est célèbre pour son industrie automobile.	Detroit is famous for its car industry.
soudainement	suddenly	/sudɛnmɑ̃/	adverb		4867	Un des garçons s'est soudainement enfui.	One of the boys suddenly ran away.
communiquer	to communicate	/kɔmynike/	verb		4871	Étudier comment communiquer de manière efficace est du temps bien dépensé.	Studying how to communicate effectively is time well spent.
festival	festival	/fɛstival/	noun		4875	Le jour du festival coïncide avec celui de l'examen.	The date of the festival coincides with that of the exam.
destinée	destiny	/dɛstine/	noun		4880	La souffrance est la destinée des hommes.	It is man's destiny to suffer.
linge	laundry	/lɛ̃ʒ/	noun		4881	Où devrais-je mettre mon linge ?	Where should I put my laundry?
fabuleux	fabulous	/fabylø/	adjective		4888	Tout le monde a fait un travail fabuleux.	Everyone did a fabulous job.
sieste	nap	/sjɛst/	noun		4889	Je vais faire une sieste après le déjeuner.	I'll have a nap after lunch.
obéir	to obey	/ɔbeiʁ/	verb		4892	Veuillez obéir au règlement de l'école.	Please obey the school rules.
curiosité	curiosity	/kyʁjozite/	noun		4896	Il s'est laissé aller à la curiosité.	Curiosity got the better of him.
intimité	intimacy	/ɛ̃timite/	noun		4902	Leur intimité s'accrut avec les années.	Their intimacy grew with the years.
demeure	home	/dəmœʁ/	noun		4903	Ça n'a pas l'air d'être la demeure de quiconque.	It doesn't look like anybody's home.
bracelet	bracelet	/bʁaslɛ/	noun		4939	Nous ne pouvons pas vendre ce bracelet.	We can't sell that bracelet.
zoo	zoo	/zo/, /zoo/	noun		4941	Elle s'est rendue au zoo avec lui.	She went with him to the zoo.
confortable	comfortable	/kɔ̃fɔʁtabl/	adjective		4942	Ce fauteuil est confortable pour s'asseoir dedans.	This armchair is comfortable to sit in.
destination	destination	/dɛstinasjɔ̃/	noun		4963	Quelle est la destination de ce bateau ?	What's the destination of this ship?
grossesse	pregnancy	/gʁosɛs/	noun		4964	Il y a eu plein de complications pendant sa grossesse.	Her pregnancy was fraught with complications.
royal	royal	/ʁwajal/	adjective		4966	Le roi et sa famille vivent au palais royal.	The king and his family live in the royal palace.
exposition	exhibit	/ɛkspozisjɔ̃/	noun		4967	Le musée présente une exposition d'armes anciennes.	The museum has an exhibit of ancient weapons.
nid	nest	/ni/	noun		4969	Petit à petit, l'oiseau fait son nid.	Little by little, the bird made his nest.
boum	party	/bum/	noun		4989	On ne l'a pas vue à la boum, mais personne ne sait pourquoi.	She didn't show up at the party, but nobody knows why.
balade	walk	/balad/	noun		4993	Que penserais-tu d'une balade au parc ?	What do you say to taking a walk in the park?
massage	massage	/masaʒ/	noun		5000	Il lui a fait un massage des pieds.	He gave her a foot massage.
quelconque	any	/kɛlkɔ̃k/	adjective		5013	Je n'ai pas besoin de quelconque repos.	I don't need any rest.
opéra	opera	/ɔpeʁa/	noun		5014	C'est un opéra en cinq actes.	This is an opera in five acts.
fillette	little girl	/fijɛt/	noun		5021	Ce chien a sauvé la vie de cette fillette.	This dog saved that little girl's life.
punition	punishment	/pynisjɔ̃/	noun		5025	Cette fois, tu n'échapperas pas à ta punition.	This time, you won't avoid your punishment.
accrocher	to hang	/akʁɔʃe/	verb		5027	Je cherche l'emplacement idéal pour accrocher ce tableau.	I'm looking for the perfect spot to hang this picture.
tiroir	drawer	/tiʁwaʁ/	noun		5033	Il y a autre chose dans le tiroir.	There's something else in the drawer.
grève	strike	/gʁɛv/	noun		5050	Il est inutile de faire une grève maintenant.	It is useless to go on strike now.
batte	bat	/bat/	noun		5055	Il a frappé une balle avec la batte.	He hit a ball with the bat.
tennis	tennis	/tenis/	noun		5058	Est-ce que tu joues bien au tennis ?	Are you good at tennis?
spécialiste	specialist	/spesjalist/	noun		5067	Je me demande si tu n'as jamais considéré te rendre chez un spécialiste.	I wonder if you have ever considered going to a specialist.
tigre	tiger	/tigʁ/	noun		5070	Avez-vous déjà vu un tigre par ici ?	Have you ever seen a tiger around here?
foire	fair	/fwaʁ/	noun		5071	Nous avons mangé de la barbe-à-papa à la foire régionale.	We ate cotton candy at the state fair.
solitude	loneliness	/sɔlityd/	noun		5072	Je ne gère pas bien la solitude.	I don't handle loneliness well.
aiguille	needle	/egɥij/	noun		5081	Ce n'est pas facile d'enfiler une aiguille.	It's not easy to thread a needle.
jouet	toy	/ʒwɛ/	noun		5103	Il a donné un jouet à l'enfant.	He gave the child a toy.
plafond	ceiling	/plafɔ̃/	noun		5105	Le plafond est très bas dans cette salle.	The ceiling is very low in this room.
poème	poem	/pɔɛm/	noun		5110	Il m'a appris à écrire un poème.	He taught me how to write a poem.
prêter	to lend	/pʁɛte/	verb		5114	Pouvez-vous me prêter un peu d'argent ?	Can you lend me some money?
bizarrement	oddly	/bizaʁmɑ̃/	adverb		5139	Tom se comporte bizarrement.	Tom has been behaving oddly.
météo	weather	/meteo/	noun		5141	La météo était bonne jusqu'à aujourd'hui.	The weather has been good until today.
description	description	/dɛskʁipsjɔ̃/	noun		5145	La description dans le journal lui correspond.	He fits the description in the newspaper.
anonyme	anonymous	/anɔnim/	adjective		5148	Je préférerais rester anonyme.	I'd rather stay anonymous.
adversaire	opponent	/advɛʁsɛʁ/	noun		5151	Il n'a aucune chance contre son adversaire.	He doesn't stand a chance against his opponent.
quasiment	almost	/kazimɑ̃/	adverb		5153	Je ne regarde quasiment jamais la télévision.	I almost never watch TV.
soupir	sigh	/supiʁ/	noun		5156	La jeune fille poussa un soupir.	The young girl sighed.
splendide	splendid	/splɑ̃did/	adjective		5165	Moins une plante a de valeur, plus rapide et splendide est sa croissance.	The more worthless the plant, the more rapid and splendid is its growth.
horloge	clock	/ɔʁlɔʒ/	noun		5167	Cette horloge avance de deux minutes par jour.	This clock gains two minutes a day.
colonne	column	/kɔlɔn/	noun		5175	J'ai trouvé cette colonne intéressante.	I found this column interesting.
pétrin	trouble	/petʁɛ̃/	noun		5177	Je sais que je suis désormais dans le pétrin.	I know I'm in trouble now.
pirate	hacker	/piʁat/	noun		5182	Il est improbable qu'un pirate pénètre notre site web.	It's unlikely that a hacker could get into our website.
constamment	constantly	/kɔ̃stamɑ̃/	adverb		5205	Je lui dis constamment de bien se comporter.	I'm constantly telling her to behave herself.
vedette	star	/vədɛt/	noun		5206	Cette vedette de cinéma a beaucoup d'admirateurs.	That movie star has many fans.
familier	familiar	/familje/	adjective		5210	L'adage nous est tout à fait familier.	The saying is quite familiar to us.
fixe	set	/fiks/	adjective		5211	Je me fixe des objectifs réalistes.	I set myself realistic goals.
dignité	dignity	/diɲite/	noun		5212	J'ai perdu ma dignité.	I've lost my dignity.
catastrophe	catastrophe	/katastʁɔf/	noun		5218	Peu de passagers survécurent à la catastrophe.	Few passengers survived the catastrophe.
marteau	hammer	/maʁto/	noun		5222	Je veux qu'on me rende mon marteau.	I want my hammer back.
affection	affection	/afɛksjɔ̃/	noun		5230	Il tenta de gagner leur affection.	He tried to gain her affection.
serre	greenhouse	/sɛʁ/	noun		5249	Je cultive des orchidées dans ma serre.	I grow orchids in my greenhouse.
fichier	file	/fiʃje/	noun		5250	Qu'y a-t-il dans le fichier ?	What's in the file?
répétition	repetition	/ʁepetisjɔ̃/	noun		5251	La répétition ne transforme pas un mensonge en vérité.	Repetition does not transform a lie into a truth.
promenade	walk	/pʁɔmnad/	noun		5278	Elle était d'humeur à faire une promenade.	She was in the mood for a walk.
jetée	pier	/ʒəte/	noun		5280	Elle le poussa de la jetée.	She pushed him off the pier.
tache	spot	/taʃ/	noun		5283	C'est toi qui as loupé une tache.	You missed a spot.
cinquième	fifth	/sɛ̃kjɛm/	noun		5292	Mon bureau fait face à la Cinquième Avenue.	My office faces Fifth Avenue.
aperçu	insight	/apɛʁsy/	noun		5302	L'exposition propose un aperçu complet de la civilisation antique.	The exhibition offers profound insights into ancient civilization.
recette	recipe	/ʁəsɛt/	noun		5309	Je n'ai fait que suivre la recette.	I just followed the recipe.
intime	close	/ɛ̃tim/	adjective		5310	Je vous ai toujours considéré comme un ami intime.	I have always considered you a close friend.
plaie	wound	/plɛ/	noun		5312	Du pus s'est formé dans la plaie.	Pus has formed in the wound.
compassion	sympathy	/kɔ̃pasjɔ̃/	noun		5319	Nous éprouvions de la compassion à son endroit.	We felt sympathy for her.
duc	duke	/dyk/	noun		5323	Le Duc possède beaucoup de terres.	The duke holds a lot of land.
bidon	canteen	/bidɔ̃/	noun		5325	Le bidon ne contenait plus une goutte d'eau.	The canteen had not a drop of water left.
sobre	sober	/sɔbʁ/	adjective		5328	Je suis sobre depuis trois ans.	I've been sober for three years.
illusion	illusion	/ilyzjɔ̃/	noun		5336	Ça semble plus long que ça, mais c'est une illusion d'optique.	This looks longer than that, but it is an optical illusion.
anneau	ring	/ano/	noun		5337	Donnez-moi un anneau si vous découvrez quelque chose.	Give me a ring if you find out anything.
gentiment	kindly	/ʒɑ̃timɑ̃/	adverb		5341	Il a gentiment répondu à la question.	He kindly answered the question.
violet	purple	/vjɔlɛ/	adjective		5346	Si on mélange du bleu et du rouge, on obtient du violet.	If you mix blue and red, you'll get purple.
lave	lava	/lav/	noun		5359	Peux-tu me donner une explication de nature géologique concernant la lave ?	Can you give me a geological explanation of lava?
désordre	disorder	/dezɔʁdʁ/	noun		5365	Je souffre d'un désordre alimentaire.	I have an eating disorder.
surnom	nickname	/syʁnɔ̃/	noun		5366	Mon surnom est « Itch ».	My nickname is "Itch."
structure	structure	/stʁyktyʁ/	noun		5371	C'est la structure la plus massive que j'ai jamais vue.	This is the most massive structure I have ever seen.
évasion	escape	/evazjɔ̃/	noun		5372	Notre évasion n'était rien moins qu'un miracle.	Our escape was nothing short of a miracle.
discret	discreet	/diskʁɛ/	adjective		5374	Je serai très discret.	I'll be very discreet.
délicat	delicate	/delika/	adjective		5376	C'était un enfant chétif et délicat.	He was a weak and delicate child.
photographe	photographer	/fɔtɔgʁaf/	noun		5380	Je connais le photographe qui a pris cette photo.	I know the photographer who took this picture.
disputer	to challenge	/dispyte/	verb		5381	Je ne veux pas disputer ta théorie.	I don't mean to challenge your theory.
steak	steak	/stɛk/	noun		5390	Un steak à point, s’il vous plaît.	I like my steak medium.
drame	drama	/dʁam/	noun		5392	J'ai regardé un drame américain.	I watched an American drama.
intense	intense	/ɛ̃tɑ̃s/	adjective		5394	Ça a été vraiment intense.	That was really intense.
verdict	verdict	/vɛʁdikt/	noun		5398	Le jury a-t-il rendu son verdict?	Has the jury reached a verdict?
échecs	chess	/eʃɛk/	noun		5399	Je ne suis pas très bon aux échecs.	I'm not very good at chess.
sonnerie	ringing	/sɔnʁi/	noun		5415	La sonnerie de la porte retentit.	The doorbell is ringing.
mouche	fly	/muʃ/	noun		5418	Je vis une mouche au plafond.	I saw a fly on the ceiling.
douceur	softness	/dusœʁ/	noun		5431	Il parlait avec une douceur caractéristique des Sudistes.	He spoke with a softness characteristic of southerners.
vider	to empty	/vide/	verb		5440	Tu peux vider le lave-vaisselle ?	Can you empty the dishwasher?
baignoire	bathtub	/bɛɲwaʁ/	noun		5449	Quelqu'un l'a noyée dans la baignoire.	Somebody had drowned her in the bathtub.
international	international	/ɛ̃tɛʁnasjɔnal/	adjective		5455	FMI signifie "Fonds Monétaire International".	IMF stands for International Monetary Fund.
retenue	restraint	/ʁətəny/	noun		5465	Je te suis reconnaissant pour ta retenue.	I appreciate your restraint.
longueur	length	/lɔ̃gœʁ/	noun		5469	La longueur de ce navire est de 30 mètres.	The length of this ship is 30 meters.
lutter	to fight	/lyte/	verb		5472	J'ai l'intention de lutter jusqu'à la fin.	I intend on fighting till the end.
contenu	content	/kɔ̃tny/	noun		5476	Le contenu de la lettre était secret.	The contents of the letter were secret.
cachette	hiding place	/kaʃɛt/	noun		5481	Il fallut une semaine pour localiser leur cachette.	It took one week to locate their hiding place.
certes	sure	/sɛʁt/	adverb		5485	Certes, c'est peut-être traumatique, mais qu'est-ce qu'on y peut?	Sure, it might be traumatic, but so what?
poésie	poetry	/pɔezi/	noun		5488	Il préfère la poésie à la fiction.	He prefers poetry to fiction.
tabac	smoking	/taba/	noun		5491	Elle lui a conseillé de diminuer le tabac.	She advised him to cut down on smoking.
représentant	representative	/ʁəpʁezɑ̃tɑ̃/	noun		5501	C'est un représentant accrédité du gouvernement canadien.	He's an accredited representative of the Canadian government.
compliment	compliment	/kɔ̃plimɑ̃/	noun		5512	Puis-je prendre cela comme un compliment ?	Can I take that as a compliment?
grotte	cave	/gʁɔt/	noun		5516	Personne ne put trouver la grotte.	No one could find the cave.
tristesse	sadness	/tʁistɛs/	noun		5522	Elle l'a aidé à surmonter sa tristesse.	She helped him overcome his sadness.
orchestre	orchestra	/ɔʁkɛstʁ/	noun		5523	C'est le cinquième concert de cet orchestre.	This is the fifth concert by this orchestra.
portail	gate	/pɔʁtaj/	noun		5527	Il m'a ordonné de fermer le portail.	He commanded me to shut the gate.
généralement	usually	/ʒeneʁalmɑ̃/	adverb		5539	Je vais généralement à l'école à pied.	I usually walk to school.
planche	board	/plɑ̃ʃ/	noun		5540	Quelle est l'épaisseur de la planche ?	How thick is the board?
sorcier	wizard	/sɔʁsje/	noun		5543	Le sorcier agita sa baguette magique et disparut dans le néant.	The wizard waved his magic wand and disappeared into thin air.
lent	slow	/lɑ̃/	adjective		5544	J'aime le rythme lent de cette chanson.	I like the slow rhythm of that song.
bazar	mess	/bazaʁ/	noun		5564	Qui a laissé ce bazar dans les toilettes ?	Who left this mess in the toilet?
développement	development	/devlɔpmɑ̃/	noun		5572	Le développement économique est important pour l'Afrique.	Economic development is important for Africa.
inhabituel	unusual	/inabitɥɛl/	adjective		5590	C'est inhabituel pour lui de se lever tôt.	It's unusual for him to get up early.
confus	confused	/kɔ̃fy/	adjective		5600	Je suis tellement confus !	I'm so confused.
innocence	innocence	/inɔsɑ̃s/	noun		5606	Je peux facilement vous convaincre de son innocence.	I can easily convince you of his innocence.
incroyablement	amazingly	/ɛ̃kʁwajabləmɑ̃/	adverb		5614	Les prix descendirent à des niveaux incroyablement bas.	Prices went to amazingly low levels.
plomb	lead	/plɔ̃/	noun		5615	C'est aussi lourd que du plomb.	This is as heavy as lead.
galerie	gallery	/galʁi/	noun		5620	Puis-je visiter une galerie d'art ?	May I visit an art gallery?
temporaire	temporary	/tɑ̃pɔʁɛʁ/	adjective		5622	J'ai un job temporaire dans l'entreprise.	I got a temporary job at the firm.
cambriolage	burglary	/kɑ̃bʁijɔlaʒ/	noun		5639	Il a été blessé dans un cambriolage.	He was wounded in a burglary.
sacrifier	to sacrifice	/sakʁifje/	verb		5643	Serait-il moral de sacrifier une personne pour en sauver plusieurs ?	Would it be ethical to sacrifice one person to save many?
majorité	majority	/maʒɔʁite/	noun		5650	La démocratie est la dictature de la majorité.	Democracy is the dictatorship of the majority.
jazz	jazz	/dʒaz/	noun		5655	Je ne comprends pas le jazz moderne.	I don't get modern jazz.
moquer	to make fun of	/mɔke/	verb		5664	Tu ne devrais pas te moquer d'eux.	You ought not to make fun of them.
biologique	biological	/bjɔlɔʒik/	adjective		5666	Les deux pays sont engagés dans une guerre biologique.	The two countries are engaged in biological warfare.
tordu	twisted	/tɔʁdy/	adjective		5668	Il m'a tordu le bras.	He twisted my arm.
concept	concept	/kɔ̃sɛpt/	noun		5669	Tom a du mal à comprendre ce concept.	Tom struggles with this concept.
nettoyage	cleaning	/nɛtwajaʒ/	noun		5671	Ma femme est obsédée par le nettoyage.	My wife is obsessed with cleaning.
tournoi	tournament	/tuʁnwa/	noun		5676	Il a emporté le premier prix du tournoi d'échecs.	He won the first prize at the chess tournament.
jalousie	jealousy	/ʒaluzi/	noun		5693	Je ne supporte pas sa jalousie.	I can't stand her jealousy.
rassembler	to gather	/ʁasɑ̃ble/	verb		5696	L'écureuil était occupé à rassembler des noisettes.	The squirrel was busy gathering nuts.
boucher	butcher	/buʃe/	noun		5703	Le boucher dépeça la carcasse du veau.	The butcher cut up the calf's carcass.
barbecue	barbecue	/baʁbəkju/	noun		5708	Que dites-vous d'un barbecue dimanche prochain ?	How about having a barbecue party next Sunday?
carton	cardboard	/kaʁtɔ̃/	noun		5711	Je viens d'acheter du carton.	I just bought some cardboard.
extrême	extreme	/ɛkstʁɛm/	adjective		5713	N'est-ce pas un tantinet extrême ?	Is it not a bit extreme?
requête	request	/ʁəkɛt/	noun		5714	J'ai effectivement une requête.	I do have one request.
planter	to plant	/plɑ̃te/	verb		5716	J'ai fait planter quelques arbres par le jardinier.	I had the gardener plant some trees.
citron	lemon	/sitʁɔ̃/	noun		5719	Un thé au citron, s’il vous plaît.	A tea with lemon, please.
arnaque	scam	/aʁnak/	noun		5730	C'est une arnaque.	This is a scam.
ultime	ultimate	/yltim/	adjective		5731	Quel est votre but ultime dans la vie ?	What is your ultimate goal in your life?
spécialité	specialty	/spesjalite/	noun		5740	C'est la spécialité de la maison.	It's the house specialty.
correction	correction	/kɔʁɛksjɔ̃/	noun		5743	Merci pour la correction.	Thanks for the correction.
comptable	accountant	/kɔ̃tabl/	noun		5745	Le comptable ne voulait pas concéder l'erreur.	The accountant would not concede the mistake.
vain	vain	/vɛ̃/	adjective		5753	J'ai essayé en vain de l'ouvrir.	I tried in vain to open it.
oreiller	pillow	/ɔʁɛje/	noun		5755	L'assassin étouffa sa victime avec un oreiller.	The assassin smothered his victim with a pillow.
éclair	lightning	/eklɛʁ/	noun		5757	Il l'a fini en un éclair.	He finished it as quick as lightning.
allergique	allergic	/alɛʁʒik/	adjective		5763	Je suis allergique aux fruits de mer.	I'm allergic to seafood.
cicatrice	scar	/sikatʁis/	noun		5767	Où t'es-tu fait cette cicatrice ?	Where did you get that scar?
tonnerre	thunder	/tɔnɛʁ/	noun		5773	Elle a peur du tonnerre.	She is frightened of thunder.
grange	barn	/gʁɑ̃ʒ/	noun		5780	Tout à coup, la grange s'est enflammée.	All of a sudden, the barn went up in flames.
flamme	flame	/flam/	noun		5791	La flamme s'éteignit.	The flame went out.
chantage	blackmail	/ʃɑ̃taʒ/	noun		5805	Exercez-vous un chantage à mon égard ?	Are you blackmailing me?
ralentir	to slow down	/ʁalɑ̃tiʁ/	verb		5811	Pourrais-tu ralentir, s'il te plaît ?	Would you please slow down?
solaire	solar	/sɔlɛʁ/	adjective		5814	L'énergie solaire est une nouvelle source d'énergie.	Solar energy is a new source of energy.
banc	bench	/bɑ̃/	noun		5821	Pourquoi as-tu peint le banc en rouge ?	Why did you paint the bench red?
carnet	notebook	/kaʁnɛ/	noun		5851	Je te prêterai mon carnet de notes.	I'll lend you my notebook.
complot	plot	/kɔ̃plo/	noun		5852	D'après le journal, il a participé au complot.	According to the newspaper, he participated in the plot.
nier	to deny	/nje/	verb		5854	On ne peut nier qu'elle est très efficace.	There is no denying that she is very efficient.
dépôt	deposit	/depo/	noun		5860	As-tu besoin d'un dépôt ?	Do you need a deposit?
physiquement	physically	/fizikmɑ̃/	adverb		5868	C'est physiquement impossible.	It's not physically possible.
saluer	to salute	/salɥe/	verb		5880	Tom a oublié de saluer.	Tom forgot to salute.
grippe	flu	/gʁip/	noun		5886	J'ai la grippe et je suis fatigué.	I have the flu and I'm tired.
détresse	distress	/detʁɛs/	noun		5887	Vous n'avez pas idée de la détresse dans laquelle elle était.	You have no idea how distressed she was.
guéri	cured	/geʁi/	adjective		5892	J'espère que tu seras complètement guéri.	I hope you will be completely cured.
hurler	to yell	/ʼyʁle/	verb		5893	Je n'ai personne sur qui hurler.	I don't have anyone to yell at.
psychiatre	psychiatrist	/psikjatʁ/	noun		5894	Ce psychiatre s'est spécialisé dans les désordres alimentaires.	That psychiatrist specialized in eating disorders.
orage	storm	/ɔʁaʒ/	noun		5898	Certains animaux peuvent sentir l'arrivée d'un orage.	Some animals can sense the coming of a storm.
craquer	to crack	/kʁake/	verb		5910	La glace va craquer sous notre poids.	The ice will crack beneath our weight.
impatient	impatient	/ɛ̃pasjɑ̃/	adjective		5912	Je suis devenu un peu trop impatient.	I got a little too impatient.
pyjama	pajamas	/piʒama/	noun		5915	Le garçon se déshabilla puis enfila son pyjama.	The boy took off his clothes and put on his pajamas.
accompli	accomplished	/akɔ̃pli/	adjective		5924	J'ai accompli ce que je voulais.	I accomplished what I wanted to.
intuition	hunch	/ɛ̃tɥisjɔ̃/	noun		5934	C'était juste une intuition.	It was just a hunch.
consulter	to consult	/kɔ̃sylte/	verb		5937	Tu ferais mieux de consulter le médecin.	You'd better consult the doctor.
inconscient	unconscious	/ɛ̃kɔ̃sjɑ̃/	adjective		5948	Il était inconscient de sa culpabilité.	He was unconscious of his guilt.
fardeau	burden	/faʁdo/	noun		5956	Cette responsabilité est un fardeau pour lui.	That responsibility is a burden to him.
hockey	hockey	/ʼɔkɛ/	noun		5957	Qui joue au hockey ce soir ?	Who's playing hockey tonight?
cuit	cooked	/kɥi/	adjective		5964	Vous avez cuit le bifteck exactement comme je l'aime.	You cooked the steak just the way I like it.
souper	to supper	/supe/	verb		5984	Elle s'est mise à somnoler après souper.	She became drowsy after supper.
fracture	fracture	/fʁaktyʁ/	noun		5992	La douleur de la fracture compliquée était presque insupportable.	The pain of the compound fracture was almost unbearable.
éléphant	elephant	/elefɑ̃/	noun		6002	Un éléphant est un très grand animal.	An elephant is a very large animal.
atterrissage	landing	/ateʁisaʒ/	noun		6008	La vaisseau spatial a effectué un atterrissage parfait.	The spaceship made a perfect landing.
barrière	fence	/baʁjɛʁ/	noun		6023	Il m'a fallu ramper sous la barrière.	I had to crawl under the fence.
disposition	arrangement	/dispozisjɔ̃/	noun		6025	J'ai changé la disposition des meubles de ma pièce.	I changed the arrangement of the furniture in my room.
papillon	butterfly	/papijɔ̃/	noun		6026	Il advint qu'il aperçut un papillon rare.	He happened to catch sight of a rare butterfly.
dramatique	dramatic	/dʁamatik/	adjective		6033	Ne sois pas si dramatique !	Don't be so dramatic.
visiblement	clearly	/vizibləmɑ̃/	adverb		6056	Il était visiblement embarrassé.	He was clearly embarrassed.
col	collar	/kɔl/	noun		6066	Il m'agrippa par le col.	He grabbed me by the collar.
attentivement	carefully	/atɑ̃tivmɑ̃/	adverb		6074	Regardez attentivement la carte qui est sur le mur.	Look at the map on the wall carefully.
passerelle	gangway	/pasʁɛl/	noun		6076	Le navire abaissa sa passerelle après s'être mis à quai.	The ship lowered its gangway after docking.
transmission	transmission	/tʁɑ̃smisjɔ̃/	noun		6080	Sais-tu conduire avec une transmission manuelle ?	Can you drive a manual transmission?
poignet	wrist	/pwaɲɛ/	noun		6083	Je suis tombé et me suis fait mal au poignet.	I fell down and hurt my wrist.
montant	amount	/mɔ̃tɑ̃/	noun		6084	Quel est le montant total d'argent que tu as dépensé ?	What is the total amount of money you spent?
embarrassant	embarrassing	/ɑ̃baʁasɑ̃/	adjective		6085	C'est, en vérité, assez embarrassant.	This is kind of embarrassing, actually.
toile	web	/twal/	noun		6091	As-tu déjà vu une araignée tisser sa toile ?	Have you ever seen a spider spinning its web?
facteur	mailman	/faktœʁ/	noun		6098	Le facteur a laissé une lettre pour elle.	The mailman left a letter for her.
filet	net	/filɛ/	noun		6105	J'ai attrapé une carpe dans un filet.	I caught a carp in a net.
troupe	troop	/tʁup/	noun		6106	Il en appela à la troupe pour mettre fin à la grève.	He called on state troops to end the strike.
pâle	pale	/pal/	adjective		6114	Qu'est-il arrivé ? Tu es tout pâle.	What happened? You look pale.
investissement	investment	/ɛ̃vɛstismɑ̃/	noun		6116	L'éducation est un investissement pour le futur.	Education is an investment in the future.
surprenant	surprising	/syʁpʁənɑ̃/	adjective		6129	Il était surprenant qu'elle ait dit ça.	It was surprising that she said that.
shopping	shopping	/ʃɔpiŋ/	noun		6130	N'iras-tu pas faire du shopping avec moi ?	Won't you go shopping with me?
caravane	trailer	/kaʁavan/	noun		6145	Je pensais que tu avais vécu dans une caravane.	I thought you used to live in a trailer.
bowling	bowling	/buliŋ/	noun		6174	Je ne veux pas aller faire du bowling.	I don't want to go bowling.
bisou	kiss	/bizu/	noun		6187	Donne-moi un bisou !	Give me a kiss.
loge	lodge	/lɔʒ/	noun		6200	Tom est dans la loge de ski.	Tom is in the ski lodge.
camionnette	van	/kamjɔnɛt/	noun		6201	Monte dans la camionnette !	Get in the van.
rocher	rock	/ʁɔʃe/	noun		6202	Il se cogna la tête contre un rocher.	He hit his head against a rock.
sénat	senate	/sena/	noun		6208	Aux dernières élections il a été élu au sénat.	He was elected to the Senate in the last election.
défaite	defeat	/defɛt/	noun		6226	Des rumeurs circulaient à propos d'une défaite.	Rumors of defeat were circulating.
œuf	egg	/œf/	noun		6231	La coquille d'un œuf se casse facilement.	The shell of an egg is easily broken.
fiable	reliable	/fjabl/	adjective		6236	Je l'ai entendu d'une source fiable.	I heard it from a reliable source.
escroc	crook	/ɛskʁo/	noun		6240	Je ne suis pas un escroc.	I'm not a crook.
artistique	artistic	/aʁtistik/	adjective		6247	La beauté artistique du jardin est vraiment incroyable.	The artistic beauty of the garden is truly amazing.
blâmer	to blame	/blame/	verb		6250	C'est moi qui suis à blâmer.	It is I who am to blame.
perdant	loser	/pɛʁdɑ̃/	noun		6251	Mon petit ami n'est pas un perdant.	My boyfriend is not a loser.
brouillard	fog	/bʁujaʁ/	noun		6254	Il y a souvent du brouillard le matin.	There is often fog in the morning.
trottoir	sidewalk	/tʁɔtwaʁ/	noun		6263	Le trottoir était couvert de feuilles mortes.	The sidewalk was covered with fallen leaves.
pilule	pill	/pilyl/	noun		6265	N'oubliez pas de prendre votre pilule !	Don't forget to take your pills.
foudre	lightning	/fudʁ/	noun		6272	L'arbre a été frappé par la foudre.	The tree was struck by lightning.
légèrement	slightly	/leʒɛʁmɑ̃/	adverb		6274	Trois personnes ont été légèrement blessées.	Three people were slightly injured.
marchand	merchant	/maʁʃɑ̃/	noun		6283	Un marchand, c'est quelqu'un qui achète et vend des biens.	A merchant is a person who buys and sells goods.
démocratie	democracy	/demɔkʁasi/	noun		6285	La démocratie est la dictature de la majorité.	Democracy is the dictatorship of the majority.
loyal	loyal	/lwajal/	adjective		6287	Je pense que Tom est loyal.	I think Tom is loyal.
décrit	described	/dekʁi/	adjective		6304	Elle l'a décrit comme étant beau.	She described him as handsome.
typique	typical	/tipik/	adjective		6310	Il parlait avec une voix traînante typique du Texas.	He spoke with a typical Texan drawl.
case	square	/kaz/	noun		6326	Nous étions de retour à la case départ.	We were back to square one.
championnat	championship	/ʃɑ̃pjɔna/	noun		6328	Par chance, il a gagné le championnat.	Luckily, he won the championship.
veine	vein	/vɛn/	noun		6334	Un colorant a été injecté dans une veine du bras du patient.	A dye was injected into a vein of the patient's arm.
honnêteté	honesty	/ɔnɛtte/	noun		6338	Comment pouvons-nous être sûrs de son honnêteté ?	How can we be sure of his honesty?
guider	to guide	/gide/	verb		6351	Je suis allé avec eux pour pouvoir les guider dans Nagasaki.	I went with them so that I could guide them around Nagasaki.
fusée	rocket	/fyze/	noun		6358	La fusée explosa quelques secondes après son lancement.	The rocket blew up a few seconds after launch.
séparation	separation	/sepaʁasjɔ̃/	noun		6360	Tom et Marie se remirent ensemble après une séparation difficile.	Tom and Mary got back together after a trial separation.
soie	silk	/swa/	noun		6377	Ça a le toucher de la soie.	This feels like silk.
carburant	fuel	/kaʁbyʁɑ̃/	noun		6388	La nourriture est un carburant pour le corps.	Food is fuel for our bodies.
insulte	insult	/ɛ̃sylt/	noun		6399	Est-ce un compliment ou une insulte ?	Is it a compliment or an insult?
farce	farce	/faʁs/	noun		6400	Il s'agit d'une farce.	This is a farce.
appât	bait	/apa/	noun		6402	J'ai mis un appât sur l'hameçon.	I baited the hook.
explorer	to explore	/ɛksplɔʁe/	verb		6404	J'aimerais vraiment explorer cette grotte.	I would really like to explore this cave.
instrument	instrument	/ɛ̃stʁymɑ̃/	noun		6405	Pouvez-vous jouer d'un instrument de musique ?	Can you play any musical instruments?
âne	donkey	/an/	noun		6414	Tom ne sait pas la différence entre une mule et un âne.	Tom doesn't know the difference between a mule and a donkey.
chauve	bald	/ʃov/	adjective		6425	Je ne veux pas devenir chauve quand je suis encore jeune.	I don't want to go bald when I'm still young.
adopter	to adopt	/adɔpte/	verb		6434	Mon épouse voulait adopter un enfant.	My wife wanted to adopt a child.
déchets	waste	/deʃɛ/	noun		6442	Les déchets d'usines polluent quelquefois nos rivières.	Factory waste sometimes pollutes our rivers.
supermarché	supermarket	/sypɛʁmaʁʃe/	noun		6450	Elle est allée faire les courses au supermarché.	She went shopping at a supermarket.
rideau	curtain	/ʁido/	noun		6453	Un rideau de brume nous obstruait la vue.	A curtain of mist blocked our view.
scolaire	school	/skɔlɛʁ/	adjective		6472	Les parents seront invités à la fête scolaire.	The parents will be invited to the school celebration.
raser	to shave	/ʁaze/	verb		6478	Je me suis fait raser et coiffer.	I got a shave and a haircut.
cheminée	chimney	/ʃəmine/, /ʃmine/	noun		6481	De la fumée s'échappait de la cheminée.	Smoke poured out of the chimney.
chiant	boring	/ʃjɑ̃/	adjective		6490	Rester à la maison est chiant.	Staying at home is boring.
capturer	to catch	/kaptyʁe/	verb		6498	Nous avons posé un piège pour capturer un renard.	We set a trap to catch a fox.
profondeur	depth	/pʁɔfɔ̃dœʁ/	noun		6507	Quelle est la profondeur de ce lac ?	What is the depth of the lake?
triple	triple	/tʁipl/	adjective		6510	Cette maison est pourvue de fenêtres à triple vitrage.	This house has triple–pane windows.
vulgaire	common	/vylgɛʁ/	adjective		6513	Il n'est rien d'autre qu'un vulgaire voyou.	He's nothing more than a common thug.
grain	grain	/gʁɛ̃/	noun		6515	Nous importons du grain des États-Unis d'Amérique.	We import grain from the United States.
grenier	attic	/gʁənje/	noun		6516	Je viens de finir de nettoyer le grenier.	I just finished cleaning the attic.
infiniment	infinitely	/ɛ̃finimɑ̃/	adverb		6532	N'importe quoi est infiniment mieux que rien.	Anything is infinitely better than nothing.
aigle	eagle	/ɛgl/	noun		6535	Un aigle vole dans le ciel.	An eagle is flying in the sky.
matelas	mattress	/matla/	noun		6536	Caches-tu vraiment ton argent sous le matelas ?	Do you really hide your money under the mattress?
crash	crash	/kʁaʃ/	noun		6564	Il a survécu à un crash aérien.	He survived the plane crash.
diagnostic	diagnosis	/djagnɔstik/	noun		6567	C'est un diagnostic possible.	It's a plausible diagnosis.
harcèlement	harassment	/ʼaʁsɛlmɑ̃/	noun		6570	Le harcèlement sexuel est maintenant devenu un problème de société.	Sexual harassment has now become a social issue.
inscrit	registered	/ɛ̃skʁi/	adjective		6573	Êtes-vous un électeur inscrit ?	Are you a registered voter?
araignée	spider	/aʁeɲe/	noun		6585	Il y a une araignée dans la douche.	There's a spider in the shower.
tripes	guts	/tʁip/	noun		6611	Tu n'en as pas les tripes.	You don't have the guts.
grimper	to climb	/gʁɛ̃pe/	verb		6632	Un ours peut grimper à un arbre.	A bear can climb a tree.
dessiner	to draw	/desine/	verb		6633	Il est en train de dessiner une image.	He is drawing a picture.
obsession	obsession	/ɔpsesjɔ̃/	noun		6637	Je ne comprends pas cette obsession que tu as.	I don't understand this obsession of yours.
mallette	briefcase	/malɛt/	noun		6638	J'ai laissé ma mallette dans le bus.	I left my briefcase in the bus.
casquette	cap	/kaskɛt/	noun		6639	J'ai payé dix dollars pour cette casquette.	I paid ten dollars for this cap.
impasse	dead end	/ɛ̃pas/	noun		6646	La route aboutissait à une impasse.	The road came to a dead end.
messe	mass	/mɛs/	noun		6650	Il va à la messe tous les dimanches matin.	He goes to mass every Sunday morning.
modeste	modest	/mɔdɛst/	adjective		6653	Plus il vieillissait, plus il devenait modeste.	The older he grew, the more modest he became.
graisse	fat	/gʁɛs/	noun		6663	Découpe et enlève la graisse de la viande.	Trim the fat off the meat.
vœu	wish	/vø/	noun		6667	Fais un vœu et souffle les bougies.	Make a wish and blow out the candles.
arc	bow	/aʁk/	noun		6673	Un arc est inutile sans flèches.	A bow is no use without arrows.
gentillesse	kindness	/ʒɑ̃tijɛs/	noun		6677	Elle a eu la gentillesse de m'aider.	She had the kindness to help me.
selle	saddle	/sɛl/	noun		6681	Ne mets pas la selle sur le mauvais cheval.	Don't put the saddle on the wrong horse.
missile	missile	/misil/	noun		6683	Mieux vaut tendre une branche d'olivier que de lancer un missile.	Better to extend an olive branch than launch a missile.
désagréable	unpleasant	/dezagʁeabl/	adjective		6694	Il était doté d'une désagréable voix perçante.	He had an unpleasant screechy voice.
stopper	to stop	/stɔpe/	verb		6700	Tu pourrais stopper ceci.	You could stop this.
rein	kidney	/ʁɛ̃/	noun		6712	Combien penses-tu que je puisse tirer de mon rein ?	How much do you think I can get for my kidney?
fontaine	fountain	/fɔ̃tɛn/	noun		6715	Personne n'a encore trouvé la fontaine de jouvence.	No one has yet found the fountain of youth.
ruine	ruin	/ʁɥin/	noun		6725	C'est le jeu qui entraîna sa ruine.	It was gambling that brought about his ruin.
confidentiel	confidential	/kɔ̃fidɑ̃sjɛl/	adjective		6726	Nous avons besoin de garder cela confidentiel.	We need to keep this confidential.
instable	unstable	/ɛ̃stabl/	adjective		6737	L'antimatière est très instable.	Antimatter is highly unstable.
balai	broom	/balɛ/	noun		6747	Saisis un balai et aide-nous à nettoyer !	Grab a broom and help us clean.
distributeur	vending machine	/distʁibytœʁ/	noun		6748	Ce distributeur n'accepte que les pièces de 100 yen.	This vending machine takes only hundred-yen coins.
détecteur	detector	/detɛktœʁ/	noun		6761	T'es-tu jamais soumis à l'épreuve d'un détecteur de mensonges ?	Have you ever taken a lie detector test?
performance	performance	/pɛʁfɔʁmɑ̃s/	noun		6782	Je suis satisfait de sa performance.	I'm pleased with his performance.
profession	profession	/pʁɔfɛsjɔ̃/	noun		6786	Enseigner l'anglais est sa profession.	Teaching English is his profession.
valable	valid	/valabl/	adjective		6792	Ce billet est valable pendant trois jours.	This ticket is valid for three days.
score	score	/skɔʁ/	noun		6798	Quel était le score à la mi-temps ?	What was the score at halftime?
dorénavant	from now on	/dɔʁenavɑ̃/	adverb		6799	Je suggère que vous gardiez vos opinions pour vous, dorénavant.	I suggest keeping your opinions to yourself from now on.
escorte	escort	/ɛskɔʁt/	noun		6800	Vous aurez besoin d'une escorte armée.	You will need an armed escort.
justifier	to justify	/ʒystifje/	verb		6812	Peut-on justifier l'usage de la violence ?	Can you justify the use of violence?
sympathique	nice	/sɛ̃patik/	adjective		6816	C'était vraiment sympathique de te revoir.	It was very nice seeing you again.
formulaire	form	/fɔʁmylɛʁ/	noun		6820	Merci de porter votre âge sur le formulaire.	Please put your age on the form.
répondeur	answering machine	/ʁepɔ̃dœʁ/	noun		6823	S'il vous plait laissez un message sur mon répondeur.	Please leave your message on my answering machine.
mineur	minor	/minœʁ/	noun		6825	Il jouait un rôle mineur dans la pièce.	He played a minor part in the play.
dispositif	device	/dispozitif/	noun		6827	Ce dispositif peut se révéler bien utile.	This device may come in handy.
plancher	floor	/plɑ̃ʃe/	noun		6832	Y a-t-il quelque chose sur le plancher ?	Is there anything on the floor?
séquence	sequence	/sekɑ̃s/	noun		6840	Les gènes consistent en une séquence particulière d'ADN.	Genes consist of a specific sequence of DNA.
violation	violation	/vjɔlasjɔ̃/	noun		6843	Ceci constitue une violation de la loi.	This is a violation of the law.
troupeau	flock	/tʁupo/	noun		6852	J'ai vu un troupeau de moutons.	I saw a flock of sheep.
télégramme	telegram	/telegʁam/	noun		6869	Elle m'a envoyé un télégramme urgent.	She sent me an urgent telegram.
manoir	mansion	/manwaʁ/	noun		6872	Comparée à notre maison, la vôtre est un manoir.	Compared to our house, yours is a mansion.
concentration	concentration	/kɔ̃sɑ̃tʁasjɔ̃/	noun		6874	La concentration est une chose très simple.	Concentration is a very simple thing.
assistance	help	/asistɑ̃s/	noun		6881	Elle l'a remercié pour son assistance.	She thanked him for his help.
cigare	cigar	/sigaʁ/	noun		6905	Il fumait un cigare après le déjeuner.	He smoked a cigar after lunch.
serrure	lock	/sɛʁyʁ/	noun		6907	Je ne parviens pas à crocheter cette serrure.	I can't pick this lock.
armoire	cupboard	/aʁmwaʁ/	noun		6928	Elle plia les serviettes et les rangea dans une armoire.	She folded up the towels and put them away in the cupboard.
vertu	virtue	/veʁty/	noun		6934	La patience est une vertu rare de nos jours.	Patience is a rare virtue these days.
balcon	balcony	/balkɔ̃/	noun		6956	J'adore la vue de mon balcon.	I love the view from my balcony.
trophée	trophy	/tʁɔfe/	noun		6961	Il brandit bien haut le trophée.	He held the trophy up high.
chimique	chemical	/ʃimik/	adjective		6963	D'âcres vapeurs émanaient de la composition chimique.	Pungent fumes arose from the chemical mixture.
pince	pliers	/pɛ̃s/	noun		6966	Mets la pince dans la boîte à outils.	Put the pliers in the tool box.
primaire	elementary	/pʁimɛʁ/	adjective		6967	Ils sont devenus amis à l'école primaire.	They became friends in elementary school.
capital	capital	/kapital/	noun		6977	Qui fournira des fonds pour le capital-risque ?	Who will provide capital for the venture?
baie	bay	/bɛ/	noun		6978	On nous a octroyé le privilège de pouvoir pêcher dans cette baie.	We were granted the privilege of fishing in this bay.
invention	invention	/ɛ̃vɑ̃sjɔ̃/	noun		6980	La machine à laver est une invention merveilleuse.	The washing machine is a wonderful invention.
coopération	cooperation	/kɔɔpeʁasjɔ̃/	noun		6996	Nous vous sommes reconnaissants de votre coopération.	We appreciate your cooperation.
mental	mental	/mɑ̃tal/	adjective		7003	L'exercice mental est particulièrement important pour les jeunes enfants.	Mental exercise is particularly important for young children.
messager	messenger	/mesaʒe/	noun		7004	Ne fais pas reproche au messager !	Don't blame the messenger.
souhait	wish	/swɛ/	noun		7007	C'était son souhait d'aller à Paris.	It was her wish to go to Paris.
crochet	hook	/kʁɔʃɛ/	noun		7013	Pose ta veste sur le crochet près de la porte.	Hang your jacket on the hook by the door.
rude	rough	/ʁyd/	adjective		7017	Il est un peu rude aux encoignures.	He's rough around the edges.
addition	bill	/adisjɔ̃/	noun		7028	L'homme quitta le restaurant sans payer son addition.	The man left the restaurant without paying his bill.
insupportable	unbearable	/ɛ̃sypɔʁtabl/	adjective		7033	La douleur de la fracture compliquée était presque insupportable.	The pain of the compound fracture was almost unbearable.
passager	passenger	/pasaʒe/	noun		7041	Un passager s'est évanoui, mais l'hôtesse l'a ranimé.	A passenger fainted, but the stewardess brought him around.
raide	stiff	/ʁɛd/	adjective		7059	Je me suis sentie un peu raide.	I felt a little stiff.
privilège	privilege	/pʁivilɛʒ/	noun		7066	Il jouissait du privilège d'une éducation privée.	He had the privilege of a private education.
sévère	strict	/sevɛʁ/	adjective		7071	Mon père est très sévère avec moi.	My father is very strict with me.
publier	to publish	/pyblije/	verb		7077	Il vient de publier une série intéressante d’articles.	He has just published an interesting series of articles.
philosophie	philosophy	/filɔzɔfi/	noun		7081	L'éthique est une branche de la philosophie.	Ethics is a branch of philosophy.
obstacle	obstacle	/ɔpstakl/	noun		7087	Le mauvais temps n'est jamais un obstacle.	Bad weather is no obstacle.
pourboire	tip	/puʁbwaʁ/	noun		7090	Il donna un pourboire en signe de gratitude.	He gave a tip as a sign of gratitude.
comptoir	desk	/kɔ̃twaʁ/	noun		7092	L'argent sur le comptoir n'est pas à moi.	The money on the desk is not mine.
altitude	altitude	/altityd/	noun		7094	L'avion est monté à une altitude de 10.000 mètres.	The plane climbed to an altitude of 10,000 meters.
grenouille	frog	/gʁənuj/	noun		7098	Qui a mis une grenouille dans mon lit ?	Who put a frog in my bed?
violon	violin	/vjɔlɔ̃/	noun		7099	Il est très doué pour jouer du violon.	He is very good at playing violin.
offenser	to offend	/ɔfɑ̃se/	verb		7104	Je n'avais pas l'intention de vous offenser.	I didn't mean to offend you.
rhume	cold	/ʁym/	noun		7107	T'es-tu déjà remis de ton rhume ?	Are you over your cold yet?
charbon	coal	/ʃaʁbɔ̃/	noun		7119	Le corbeau est aussi noir que du charbon.	A crow is as black as coal.
psychologique	psychological	/psikɔlɔʒik/	adjective		7121	Sa perte de mémoire est un problème plus psychologique que physique.	His loss of memory is a psychological problem rather than a physical one.
divin	divine	/divɛ̃/	adjective		7132	Ce repas était tout bonnement divin.	That meal was simply divine.
karma	karma	/kaʁma/	noun		7153	Je ne crois pas au karma.	I don't believe in karma.
abus	abuse	/aby/	noun		7158	C'est un abus de pouvoir.	It's an abuse of power.
croisière	cruise	/kʁwazjɛʁ/	noun		7170	C'est une croisière de luxe.	It is a luxury cruise.
humide	humid	/ymid/	adjective		7171	C'est très humide, n'est-ce pas ?	It's really humid, isn't it?
régulièrement	regularly	/ʁegyljɛʁmɑ̃/	adverb		7173	Il s'entraîne régulièrement avec un appareil de musculation.	He regularly trains with bodybuilding equipment.
alentours	surroundings	/alɑ̃tuʁ/	noun		7175	Les sauveteurs ont cherché aux alentours dans l'espoir de trouver l'enfant.	The rescuers searched the surroundings in hopes of finding the child.
voisinage	neighbourhood	/vwazinaʒ/	noun		7177	La nuit dernière, il y a eu un incendie dans le voisinage.	Last night there was a big fire in the neighbourhood.
humble	humble	/œ̃bl/	adjective		7188	Je suis une personne extrêmement humble.	I'm an extremely humble person.
moine	monk	/mwan/	noun		7203	Je suis un moine.	I am a monk.
calendrier	calendar	/kalɑ̃dʁije/	noun		7210	J'ai noté ton anniversaire sur mon calendrier.	I marked your birthday on my calendar.
garer	to park	/gaʁe/	verb		7213	Tu ne peux pas garer ta voiture ici.	You cannot park your car here.
phénomène	phenomenon	/fenɔmɛn/	noun		7226	Un arc-en-ciel est un phénomène naturel.	A rainbow is a natural phenomenon.
pneu	tire	/pnø/	noun		7227	Le pneu de mon vélo est à plat.	The tire on my bicycle is flat.
fermier	farmer	/fɛʁmje/	adjective		7238	Il a épousé la fille d'un fermier.	He married a farmer's daughter.
vapeur	steam	/vapœʁ/	noun		7242	De la vapeur s'échappe du moteur.	Steam is coming out of the engine.
agenda	appointment book	/aʒɛ̃da/	noun		7258	Tom regarda son agenda.	Tom looked at his appointment book.
culot	nerve	/kylo/	noun		7265	Il a eu le culot de dire ça.	He had the nerve to say that.
habituel	usual	/abitɥɛl/	adjective		7280	Il peut avoir manqué son bus habituel.	He may have missed his usual bus.
perruque	wig	/peʁyk/	noun		7300	C'est une perruque.	This is a wig.
pompier	fireman	/pɔ̃pje/	noun		7301	Le pompier ne pouvait éteindre les flammes.	The fireman could not extinguish the flames.
bonus	bonus	/bɔnys/	noun		7302	J'ai reçu mon bonus.	I received my bonus.
calcul	calculus	/kalkyl/	noun		7314	Je comprends finalement les principes de base du calcul.	I finally understand the basic principles of calculus.
achat	purchase	/aʃa/	noun		7315	J'ai réglé cet achat en espèces.	I paid for the purchase in cash.
manifestement	obviously	/manifɛstəmɑ̃/	adverb		7323	Manifestement, elle est malade.	Obviously, she's sick.
démission	resignation	/demisjɔ̃/	noun		7324	Il a remis sa démission à son patron.	He handed in his resignation to his boss.
refus	refusal	/ʁəfy/	noun		7325	J'ai interprété son silence comme un refus.	I interpreted her silence as a refusal.
supprimer	to delete	/sypʁime/	verb		7330	Comment est-ce que je fais pour supprimer ce fichier ?	How do I delete this file?
stage	internship	/staʒ/	noun		7333	Je vais faire un stage dans une entreprise locale.	I'm going to do an internship at a local company.
photographie	picture	/fɔtɔgʁafi/	noun		7334	T'a-t-il montré la photographie ?	Did he show you the picture?
suggestion	suggestion	/sygʒɛstjɔ̃/	noun		7337	Je suis complètement en faveur de ta suggestion.	I'm all for your suggestion.
atroce	terrible	/atʁɔs/	adjective		7338	J'ai un mal de dents atroce.	I have a terrible toothache.
colocataire	roommate	/kɔlɔkatɛʁ/	noun		7351	Je déteste mon colocataire.	I hate my roommate.
atout	trump card	/atu/	noun		7368	C'est le moment pour toi de jouer ton atout.	The time has come for you to play your trump card.
habituellement	usually	/abitɥɛlmɑ̃/	adverb		7377	Je ne mange habituellement pas de viande rouge.	I don't usually eat red meat.
logiciel	software	/lɔʒisjɛl/	noun		7393	J'aimerais que vous m'aidiez à installer ce logiciel.	I'd like you to help me install this software.
mile	mile	/majl/	noun		7399	Le pont fait approximativement un mile de long.	The bridge is approximately a mile long.
confort	comfort	/kɔ̃fɔʁ/	noun		7408	Son salaire élevé lui a permis de vivre dans le confort.	His high salary enabled him to live in comfort.
bouquin	book	/bukɛ̃/	noun		7412	Je suis en train d'écrire un bouquin.	I'm writing a book.
maîtriser	to master	/metʁize/	verb		7422	Maîtriser une langue étrangère demande de la patience.	Mastering a foreign language calls for patience.
ivrogne	drunk	/ivʁɔɲ/	noun		7431	On ne peut raisonner avec un ivrogne.	It's impossible to reason with a drunk.
insulter	to insult	/ɛ̃sylte/	verb		7439	Je ne voulais pas vous insulter.	I didn't mean to insult you.
blâme	blame	/blam/	noun		7442	Je ne les blâme pas pour ceci.	I don't blame them for this.
mentionner	to mention	/mɑ̃sjɔne/	verb		7469	Nous ferions mieux de ne pas le mentionner.	We had better not mention it.
fantasme	fantasy	/fɑ̃tasm/	noun		7490	C'est juste un fantasme.	It's just a fantasy.
juridique	legal	/ʒyʁidik/	adjective		7494	Elle décida de prendre conseil auprès d'un expert juridique.	She decided to take legal advice.
gérant	manager	/ʒeʁɑ̃/	noun		7497	Il n'est pas le gérant, en fait.	He isn't actually the manager.
spatial	space	/spasjal/	adjective		7500	L'amélioration de la technologie médicale a été une des conséquences du programme spatial.	Improved medical technology has been one of the spin-offs of the space program.
ruse	trick	/ʁyz/	noun		7506	J'ai été persuadé de le faire par la ruse.	I was tricked into doing it.
imaginaire	imaginary	/imaʒinɛʁ/	adjective		7508	Je ne crois pas que le Père Noël soit imaginaire.	I don't believe that Santa Claus is imaginary.
littérature	literature	/liteʁatyʁ/	noun		7554	La littérature nous enseigne sur l'humanité.	Literature teaches us about humanity.
piqûre	sting	/pikyʁ/	noun		7560	Une piqûre d'abeille peut être très douloureuse.	A bee sting can be very painful.
élégant	elegant	/elegɑ̃/	adjective		7569	Ce n'est pas très élégant.	That's not very elegant.
seau	bucket	/so/	noun		7570	Qu'y a-t-il dans le seau ?	What's in the bucket?
volume	volume	/vɔlym/	noun		7571	Comment calculez-vous le volume d'un cube ?	How do you calculate the volume of a cube?
étiquette	label	/etikɛt/	noun		7595	Mettez une étiquette sur tous les sacs.	Attach labels to all the bags.
bonbon	candy	/bɔ̃bɔ̃/	noun		7610	Quel est votre bonbon préféré ?	What's your favorite candy?
tonne	ton	/tɔn/	noun		7640	Il y avait sur lui une tonne de pression.	There was a ton of pressure on him.
épidémie	epidemic	/epidemi/	noun		7660	L'obésité est une épidémie nationale.	Obesity is a national epidemic.
grenade	grenade	/gʁənad/	noun		7667	J'ai une grenade.	I have a grenade.
ballet	ballet	/balɛ/	noun		7679	Elle m'a invité au ballet.	She invited me to the ballet.
utilisation	use	/ytilizasjɔ̃/	noun		7681	Je vais le garder pour une utilisation future.	I'll keep this for future use.
menton	chin	/mɑ̃tɔ̃/	noun		7682	Il plaça la serviette de table sous son menton.	He tucked the napkin under his chin.
arrogant	arrogant	/aʁɔgɑ̃/	adjective		7719	Pourquoi es-tu si arrogant ?	Why are you so arrogant?
repasser	to iron	/ʁəpase/	verb		7722	Elle était en train de repasser sa robe.	She was ironing her dress.
bœuf	beef	/bœf/	noun		7728	Est-ce du bœuf ou du porc ?	Is this beef or pork?
distrait	distracted	/distʁɛ/	adjective		7759	Il a été distrait par la belle fille.	He was distracted by the beautiful girl.
vase	vase	/vaz/	noun		7764	J'ai fait tomber un vase par négligence.	I carelessly dropped a vase.
supplémentaire	one more	/syplemɑ̃tɛʁ/	adjective		7770	Une bouteille de vin supplémentaire, je vous prie.	One more bottle of wine, please.
outil	tool	/uti/	noun		7778	Il nous faut un outil pour l'ouvrir.	We need a tool to open it with.
coupure	cut	/kupyʁ/	noun		7789	J'ai une coupure ici.	I have a cut here.
mou	soft	/mu/	adjective		7800	Ce lit est bien trop mou pour moi.	This bed is way too soft for me.
haleine	breath	/alɛn/	noun		7802	Je pouvais sentir l'alcool de son haleine.	I could smell the alcohol on his breath.
espionner	to spy	/ɛspjɔne/	verb		7805	Il est ici pour nous espionner.	He's here to spy on us.
ruban	ribbon	/ʁybɑ̃/	noun		7813	Pourrais-tu l'attacher avec un ruban ?	Could you tie it with a ribbon?
embuscade	ambush	/ɑ̃byskad/	noun		7818	Il est tombé dans une embuscade.	He was caught in an ambush.
bougie	candle	/buʒi/	noun		7826	La bougie s'éteignit d'elle-même.	The candle went out by itself.
vaccin	vaccine	/vaksɛ̃/	noun		7836	Disposez-vous du vaccin ?	Do you have the vaccine?
migraine	migraine	/migʁɛn/	noun		7840	Lorsque j'ai la migraine, l'aspirine ne soulage pas la douleur pour moi.	When I have migraines, aspirin doesn't alleviate the pain for me.
coude	elbow	/kud/	noun		7843	Elle s'est fait mal au coude quand elle est tombée.	She hurt her elbow when she fell down.
dynamite	dynamite	/dinamit/	noun		7860	Manier de la dynamite peut être dangereux.	Handling dynamite can be dangerous.
reprocher	to blame	/ʁəpʁɔʃe/	verb		7865	Vous ne pouvez pas me reprocher cela.	You can't blame this on me.
accidentellement	by accident	/aksidɑ̃tɛlmɑ̃/	adverb		7875	Il a accidentellement bu du détergeant.	He drank detergent by accident.
richesse	wealth	/ʁiʃɛs/	noun		7889	La santé est au-dessus de la richesse.	Health is above wealth.
architecte	architect	/aʁʃitɛkt/	noun		7896	Un architecte connu a construit cette maison.	A famous architect built this house.
honteux	ashamed	/ʼɔ̃tø/	adjective		7899	Je fus honteux de ce que j'avais fait à mon bienfaiteur.	I was ashamed of what I had done to my benefactor.
sportif	sportsman	/spɔʁtif/	noun		7907	Une mauvaise vue est un handicap pour un sportif.	Poor eyesight is a handicap to a sportsman.
artère	artery	/aʁtɛʁ/	noun		7914	La balle sectionna une artère.	The bullet cut through an artery.
constitution	constitution	/kɔ̃stitysjɔ̃/	noun		7915	L'égalité est garantie par la Constitution.	Equality is guaranteed by the Constitution.
chapelle	chapel	/ʃapɛl/	noun		7922	De la fumée blanche s'est élevée de la Chapelle Sixtine.	White smoke billowed from the Sistine Chapel.
exemplaire	copy	/ɛgzɑ̃plɛʁ/	noun		7937	J'apprécierais beaucoup recevoir un exemplaire du livre.	I would very much appreciate receiving a copy of the book.
bec	beak	/bɛk/	noun		7941	Un pélican peut placer beaucoup de poisson dans son bec.	A pelican can fit a lot of fish in its beak.
hamburger	hamburger	/ʼɑ̃bœʁgœʁ/	noun		7946	Donnez-moi un hamburger, s'il vous plaît.	Please give me a hamburger.
gai	cheerful	/gɛ/	adjective		7953	C'est un garçon gai et courageux.	He is a brave and cheerful boy.
antidote	antidote	/ɑ̃tidɔt/	noun		7955	Quelqu'un a-t-il un antidote ?	Does anyone have an antidote?
mouchoir	handkerchief	/muʃwaʁ/	noun		7963	Elle s'essuya la figure avec un mouchoir.	She wiped her face with a handkerchief.
agressif	aggressive	/agʁɛsif/	adjective		7965	Il faut que tu sois plus agressif.	You need to be more aggressive.
falaise	cliff	/falɛz/	noun		7982	Il se tenait au bord de la falaise.	He stood on the edge of the cliff.
clou	nail	/klu/	noun		8004	Nous avons trouvé un clou enfoncé dans le pneu.	We found a nail stuck in the tire.
violeur	rapist	/vjɔlœʁ/	noun		8006	La police a intensifié ses efforts pour mettre la main sur le violeur.	The police stepped up their efforts to catch the rapist.
sirop	syrup	/siʁo/	noun		8019	Le sirop pour la toux a un goût de réglisse.	The cough syrup has a licorice flavoring.
économique	economic	/ekɔnɔmik/	adjective		8025	Nous avons étudié la politique économique du gouvernement.	We studied the government's economic policy.
ruelle	lane	/ʁɥɛl/	noun		8029	C'est la ruelle des amoureux.	This is the lover's lane.
parade	parade	/paʁad/	noun		8031	On a vu la parade descendre la rue.	We saw the parade move down the street.
largement	widely	/laʁʒəmɑ̃/	adverb		8037	Son nom devenait largement connu.	His name was becoming widely known.
rampe	railing	/ʁɑ̃p/	noun		8039	Cette rampe n'est pas aussi stable qu'elle le pourrait.	This railing is not as stable as it could be.
récent	recent	/ʁesɑ̃/	adjective		8052	Quel est son roman le plus récent ?	What's his most recent novel?
quotidien	daily	/kɔtidjɛ̃/	adjective		8057	Un exercice sportif quotidien est indispensable pour la santé.	Daily exercise is essential for your health.
fortement	strongly	/fɔʁtəmɑ̃/	adverb		8060	Elle ressemble fortement à sa grand-mère.	She strongly resembles her grandmother.
nouilles	noodles	/nuj/	noun		8061	Je veux manger des nouilles chinoises.	I want to eat Chinese noodles.
gravement	seriously	/gʁavmɑ̃/	adverb		8062	On dit qu'il serait gravement malade.	They say that he is seriously ill.
paysage	scenery	/peizaʒ/	noun		8071	On a admiré la beauté du paysage.	We admired the beauty of the scenery.
gâchette	trigger	/gaʃɛt/	noun		8078	Je n'ai pas appuyé sur la gâchette.	I didn't pull the trigger.
paisible	peaceful	/pezibl/	adjective		8098	La vie campagnarde est très paisible en comparaison de la vie citadine.	Country life is very peaceful in comparison with city life.
séduisant	attractive	/sedɥizɑ̃/	adjective		8111	Tout le monde veut être jeune et séduisant.	Everyone wants to be young and attractive.
renseignement	information	/ʁɑ̃sɛɲəmɑ̃/	noun		8112	J'ai obtenu de lui un renseignement utile.	I got a useful piece of information out of him.
banlieue	suburb	/bɑ̃ljø/	noun		8118	J'aimerais vivre dans la banlieue de Kobe.	I'd like to live in the suburbs of Kobe.
cuillère	spoon	/kɥijɛʁ/	noun		8122	Garçon, j'ai besoin d'une cuillère.	Waiter, I need a spoon.
imposteur	impostor	/ɛ̃pɔstœʁ/	noun		8128	J'ai l'impression d'être un imposteur.	I feel like an impostor.
visiteur	visitor	/vizitœʁ/	noun		8132	Le visiteur s'assit en face de moi.	The visitor sat across from me.
mythe	myth	/mit/	noun		8149	Il a écrit une nouvelle basée sur un mythe.	He wrote a novel based on ancient myths.
sonnette	bell	/sɔnɛt/	noun		8156	Finalement, la sonnette retentit.	Finally, the bell rang.
muet	dumb	/mɥɛ/	adjective		8158	Le pauvre enfant était né sourd-muet.	The poor child was born deaf and dumb.
yacht	yacht	/jot/	noun		8165	J'aimerais bien affréter un yacht.	I would like to charter a yacht.
prophète	prophet	/pʁɔfɛt/	noun		8166	Vous êtes le prophète ?	Are you the prophet?
contexte	context	/kɔ̃tɛkst/	noun		8168	Le contexte est important.	The context is important.
pelouse	lawn	/pəluz/	noun		8183	Elle se précipita à travers la pelouse.	She hurried across the lawn.
flûte	flute	/flyt/	noun		8184	Il sait jouer de la flûte.	He can play a flute.
combattant	fighter	/kɔ̃batɑ̃/	noun		8203	Le terroriste pour l'un est un combattant de la liberté pour un autre.	One man's terrorist is another man's freedom fighter.
fiction	fiction	/fiksjɔ̃/	noun		8204	La réalité est plus étrange que la fiction.	Fact is stranger than fiction.
croissance	growth	/kʁwasɑ̃s/	noun		8231	Allouer plus d'argent à l'éducation stimulera la croissance économique.	More money for education will spur economic growth.
quelquefois	sometimes	/kɛlkəfwa/	adverb		8234	Vas-tu quelquefois en vacances à l'étranger ?	Do you sometimes go abroad on your holidays?
mesurer	to measure	/məzyʁe/	verb		8242	Il y a plusieurs façons de mesurer la vitesse.	There are several ways to measure speed.
laid	ugly	/lɛ/	adjective		8247	Où as-tu dégoté un chapeau aussi laid ?	Where did you find such an ugly hat?
continent	continent	/kɔ̃tinɑ̃/	noun		8250	L'Afrique est le continent le plus pauvre.	Africa is the poorest continent.
énigme	puzzle	/enigm/	noun		8258	Peux-tu résoudre cette énigme ?	Can you solve the puzzle?
majeur	middle finger	/maʒœʁ/	noun		8267	Le majeur est le plus long doigt.	The middle finger is the longest.
psychologie	psychology	/psikɔlɔʒi/	noun		8274	La psychologie se penche sur les émotions humaines.	Psychology deals with human emotions.
touchant	touching	/tuʃɑ̃/	adjective		8275	C’est très touchant.	That's very touching.
compréhension	comprehension	/kɔ̃pʁeɑ̃sjɔ̃/	noun		8280	Es-tu en train de suggérer que c'est au-delà de ma compréhension ?	Are you suggesting that it's beyond my comprehension?
paniquer	to panic	/panike/	verb		8287	Pas besoin de paniquer. Il reste beaucoup de temps.	There's no need to panic. There's plenty of time.
milliard	billion	/miljaʁ/	noun		8290	Un milliard d'adultes sont analphabètes.	A billion adults are illiterate.
semestre	semester	/səmɛstʁ/	noun		8296	J'ai encore le livre du semestre dernier.	I still have the book from last semester.
racine	root	/ʁasin/	noun		8303	L'argent est la racine de tous les maux.	Money is the root of all evil.
éponge	sponge	/epɔ̃ʒ/	noun		8316	Une éponge absorbe l'eau.	A sponge absorbs water.
blues	blues	/bluz/	noun		8321	J'aime jouer du blues.	I enjoy playing the blues.
lavage	wash	/lavaʒ/	noun		8324	Mon jeans a rétréci au lavage.	My jeans shrank in the wash.
mâchoire	jaw	/maʃwaʁ/	noun		8328	Je l'ai frappé à la mâchoire.	I punched his jaw.
ironique	ironic	/iʁɔnik/	adjective		8335	Ce serait ironique, n'est-ce pas ?	That would be ironic, wouldn't it?
toutefois	however	/tutfwa/	adverb		8358	Elle était fatiguée mais tenta toutefois d'achever le travail.	She was tired. However, she tried to finish the work.
localisation	location	/lɔkalizasjɔ̃/	noun		8360	Pourriez-vous m'indiquer votre localisation ?	Please tell me your location.
merdier	mess	/mɛʁdje/	noun		8378	Je pense qu'il est temps que je m'éloigne de ce merdier.	I think it's time for me to walk away from this mess.
réduction	discount	/ʁedyksjɔ̃/	noun		8384	J'ai droit à une réduction si je paie cash ?	Will you give any discount if I pay in cash?
distribution	distribution	/distʁibysjɔ̃/	noun		8385	Ubuntu est une distribution Linux populaire.	Ubuntu is a popular Linux distribution.
satisfaction	satisfaction	/satisfaksjɔ̃/	noun		8425	La satisfaction client est notre priorité numéro un.	Customer satisfaction is our number one priority.
acquis	acquired	/aki/	adjective		8434	Elle a acquis des connaissances en français.	She acquired a knowledge of French.
butin	loot	/bytɛ̃/	noun		8436	Les voleurs se sont partagé le butin.	The thieves divvied up the stolen loot among themselves.
signification	meaning	/siɲifikasjɔ̃/	noun		8441	Quelle est la signification exacte de ce mot ?	What's the precise meaning of that word?
horaire	schedule	/ɔʁɛʁ/	noun		8443	Je dispose ici de votre horaire.	I have your schedule here.
chiot	puppy	/ʃjo/	noun		8448	Je suis en train d'acheter un chiot.	I'm buying a puppy.
aimant	magnet	/ɛmɑ̃/	noun		8454	Un aimant attire le fer.	A magnet attracts iron.
bénéfice	benefit	/benefis/	noun		8471	On lui a accordé le bénéfice du doute.	He was given the benefit of the doubt.
conception	design	/kɔ̃sɛpsjɔ̃/	noun		8472	Nous étudions le français et la conception de site web.	We're studying French and web design.
défunt	deceased	/defœ̃/	noun		8478	Quelqu'un connaît-il le nom du défunt ?	Does anyone know the name of the deceased?
toxique	toxic	/tɔksik/	adjective		8488	Le chocolat est toxique pour de nombreux animaux.	Chocolate is toxic to many animals.
hilarant	hilarious	/ilaʁɑ̃/	adjective		8489	J'ai pensé que c'était hilarant.	I thought it was hilarious.
vieillard	old man	/vjɛjaʁ/	noun		8494	Tom est un vieillard.	Tom is an old man.
brun	brown	/bʁœ̃/	adjective		8497	Qui est cette femme qui porte un manteau brun ?	Who is the woman in the brown coat?
réservation	reservation	/ʁezɛʁvasjɔ̃/	noun		8526	Puis-je faire une réservation pour un golf ?	Can I make a reservation for golf?
survivant	survivor	/syʁvivɑ̃/	noun		8527	Il n'y avait qu'un survivant à l'accident.	There was only one survivor of the accident.
documentaire	documentary	/dɔkymɑ̃tɛʁ/	noun		8528	Je réalise un documentaire.	I'm making a documentary.
conserver	to keep	/kɔ̃sɛʁve/	verb		8534	Combien de poissons peux-tu conserver dans ton réservoir ?	How many fish can you keep in your tank?
nœud	knot	/nø/	noun		8537	Je ne parviens pas à défaire ce nœud.	I can't untie this knot.
porteur	porter	/pɔʁtœʁ/	noun		8541	Laissez un porteur porter vos bagages.	Let a porter carry your baggage.
calmement	calmly	/kalməmɑ̃/	adverb		8571	Tu devrais te comporter plus calmement.	You should act more calmly.
biscuit	cookie	/biskɥi/	noun		8573	Il y a un biscuit sous la table.	There is a cookie under the table.
loterie	lottery	/lɔtʁi/	noun		8584	Le mariage est une loterie.	Marriage is a lottery.
toux	cough	/tu/	noun		8589	As-tu des médicaments contre la toux ?	Do you have any cough medicine?
immédiat	immediate	/imedja/	adjective		8599	Tu ne dois pas penser qu'à ton profit immédiat.	You must not think about your immediate profit only.
application	application	/aplikasjɔ̃/	noun		8625	Je suis en train de développer une application Android.	I'm developing an Android application.
générosité	generosity	/ʒeneʁɔzite/	noun		8626	Je vous remercie beaucoup de votre générosité.	Thank you very much for your generosity.
déception	disappointment	/desɛpsjɔ̃/	noun		8629	Chacun pouvait facilement constater sa déception.	Everyone could easily see his disappointment.
séminaire	seminar	/seminɛʁ/	noun		8631	Nous espérons que vous pourrez vous joindre à nous à ce séminaire.	We hope that you will be able to join us at this seminar.
principalement	mainly	/pʁɛ̃sipalmɑ̃/	adverb		8636	L'assistance se composait principalement d'étudiants.	The audience consisted mainly of students.
insecte	bug	/ɛ̃sɛkt/	noun		8689	Il a l'air d'un insecte.	He looks like a bug.
préférable	preferable	/pʁefeʁabl/	adjective		8735	Il est préférable qu'il arrive là-bas d'ici demain.	It is preferable that he gets there by tomorrow.
hostile	hostile	/ɔstil/	adjective		8749	Elle m'est hostile.	She is hostile to me.
excitation	excitement	/ɛksitasjɔ̃/	noun		8773	J'ai à peine pu contenir mon excitation.	I could barely contain my excitement.
décollage	takeoff	/dekɔlaʒ/	noun		8775	Merci de boucler votre ceinture pendant le décollage et l'atterrissage.	Please fasten your seat belt during takeoff and landing.
amical	friendly	/amikal/	adjective		8783	Je regardai alentour, espérant repérer un visage amical.	I looked around hoping to spot a friendly face.
berceau	cradle	/bɛʁso/	noun		8789	Le bébé dans le berceau est très mignon.	The baby in the cradle is very pretty.
martini	martini	/maʁtini/	noun		8803	Je veux un martini.	I want a martini.
motivation	motivation	/mɔtivasjɔ̃/	noun		8818	La motivation est la clé du succès.	Motivation is the key to success.
révélation	revelation	/ʁevelasjɔ̃/	noun		8819	Ça a été une révélation pour moi.	It was a revelation to me.
désespérément	hopelessly	/dezɛspeʁemɑ̃/	adverb		8841	Haïti est une nation qui parait désespérément appauvrie.	Haiti is a nation that seems hopelessly impoverished.
évènement	event	/evɛnmɑ̃/	noun		8859	Un évènement inoubliable s'est produit.	An unforgettable event occurred.
muscle	muscle	/myskl/	noun		8860	Le chat ne bougeait pas un muscle.	The cat didn't move a muscle.
répugnant	repugnant	/ʁepyɲɑ̃/	adjective		8862	C'est moralement répugnant.	It's morally repugnant.
crédible	credible	/kʁedibl/	adjective		8874	Ça semble crédible, n'est-ce pas ?	That sounds credible, doesn't it?
crue	flood	/kʁy/	noun		8883	Le pont a été emporté par la crue.	The bridge was washed away by the flood.
écharpe	scarf	/eʃaʁp/	noun		8887	Elle a une écharpe autour de son cou.	She has a scarf around her neck.
librairie	bookstore	/libʁɛʁi/	noun		8894	Il tient une librairie dans le centre-ville.	He has a bookstore in the center of the city.
foin	hay	/fwɛ̃/	noun		8901	Le foin, c'est pour les chevaux.	Hay is for horses.
respectable	respectable	/ʁɛspɛktabl/	adjective		8902	Je suis un homme d'affaires respectable.	I'm a respectable businessman.
endurer	to suffer	/ɑ̃dyʁe/	verb		8919	Les Étasuniens noirs continuaient à endurer le racisme.	Black Americans continued to suffer from racism.
mentor	mentor	/mɑ̃tɔʁ/	noun		8927	Vous avez été pour moi un mentor.	You have been a great mentor to me.
évier	sink	/evje/	noun		8930	Je vous réparerai votre évier, si vous voulez.	I'll fix your sink for you if you want.
similaire	similar	/similɛʁ/	adjective		8935	L'or a une couleur similaire au cuivre.	Gold is similar in color to brass.
fugitif	fugitive	/fyʒitif/	noun		8952	Le fugitif se précipita vers la frontière.	The fugitive made a run for the border.
raisin	grape	/ʁɛzɛ̃/	noun		8960	Le vin est fait à partir du raisin.	Wine is made from grapes.
semblable	like	/sɑ̃blabl/	adjective		8961	Je n'ai jamais rien vu de semblable.	I've never seen anything like that.
vicieux	vicious	/visjø/	adjective		8969	Je me suis retrouvé piégé dans un cercle vicieux.	I was trapped in a vicious circle.
citer	to quote	/site/	verb		8970	Vous pouvez me citer.	You may quote me.
banquier	banker	/bɑ̃kje/	noun		8979	L'actrice a dit qu'elle était mariée à un banquier.	The actress said that she was engaged to a banker.
consoler	to comfort	/kɔ̃sɔle/	verb		8981	Je peux la consoler.	I can comfort her.
procurer	to get	/pʁɔkyʁe/	verb		8993	Il nous faut nous procurer des articles médicaux.	We need to get some medical supplies.
marée	tide	/maʁe/	noun		8995	La marée haute est à 3 heures cet après-midi.	High tide is at 3 p.m. today.
cliché	cliche	/kliʃe/	noun		8997	C'est un cliché, mais c'est vrai.	It's a cliche, but it's true.
tranche	slice	/tʁɑ̃ʃ/	noun		8998	Peux-tu me donner une tranche de pain ?	Can you give me a slice of bread?
allié	ally	/alje/	noun		9010	Je resterai votre allié, quoi qu'il advienne.	I'll remain your ally no matter what happens.
samouraï	samurai	/samuʁaj/	noun		9016	Le samouraï décapita son adversaire d'un seul coup d'un seul.	The samurai decapitated his opponent in one fell swoop.
inacceptable	unacceptable	/inaksɛptabl/	adjective		9029	Ce plan est inacceptable.	That plan is unacceptable.
courtoisie	courtesy	/kuʁtwazi/	noun		9030	Je vous remercie pour votre courtoisie.	Thank you for your courtesy.
écureuil	squirrel	/ekyʁœj/	noun		9032	Un écureuil se cachait parmi les branches.	A squirrel hid among the branches.
scie	saw	/si/	noun		9037	Elle manie très bien la scie.	She handles a saw very well.
embaucher	to hire	/ɑ̃boʃe/	verb		9039	La société veut embaucher vingt personnes.	The company wants to hire 20 people.
atomique	atomic	/atɔmik/	adjective		9043	Le numéro atomique du fer est le 26.	The atomic number for iron is 26.
briquet	lighter	/bʁikɛ/	noun		9049	L'homme alluma une cigarette avec un briquet.	The man lit a cigarette with a lighter.
parapluie	umbrella	/paʁaplɥi/	noun		9071	J'ai laissé mon parapluie à la maison.	I left my umbrella at home.
sérum	serum	/seʁɔm/	noun		9074	Ils ont employé du sérum de vérité.	They used truth serum.
franchise	frankness	/fʁɑ̃ʃiz/	noun		9079	J'apprécie votre franchise.	I like your frankness.
béguin	crush	/begɛ̃/	noun		9091	Elle a eu le béguin pour lui.	She had a crush on him.
bulle	bubble	/byl/	noun		9093	Ne crève pas ma bulle !	Don't burst my bubble.
poumon	lung	/pumɔ̃/	noun		9103	Il s'est cassé deux côtes et perforé le poumon.	He broke two ribs and punctured his lung.
tailleur	tailor	/tajœʁ/	noun		9104	Mon tailleur est riche.	My tailor is rich.
confiture	jam	/kɔ̃fityʁ/	noun		9115	On fait de la confiture avec les fraises.	Strawberries are made into jam.
équitable	fair	/ekitabl/	adjective		9119	Ça ne semble pas équitable, si ?	It doesn't seem fair, does it?
saumon	salmon	/somɔ̃/	noun		9123	Le saumon pond ses œufs en eau douce.	Salmon lay their eggs in fresh water.
inattendu	unexpected	/inatɑ̃dy/	adjective		9131	Il a rencontré un obstacle inattendu.	He met an unexpected obstacle.
convenable	decent	/kɔ̃vnabl/	adjective		9136	Je pensais que tu étais une jeune fille convenable.	I thought you were a decent young woman.
mondial	world	/mɔ̃djal/	adjective		9146	Il a soutenu l'idée d'un gouvernement mondial.	He promoted the idea of world government.
maladroit	clumsy	/maladʁwa/	adjective		9153	Il est maladroit de ses mains.	He is clumsy with his hands.
cuivre	brass	/kɥivʁ/	noun		9158	L'or a une couleur similaire au cuivre.	Gold is similar in color to brass.
peigne	comb	/pɛɲ/	noun		9159	J'ai un peigne en bois.	I have a wooden comb.
plombier	plumber	/plɔ̃bje/	noun		9162	Est-ce que je ressemble à un plombier ?	Do I look like a plumber?
passionnant	exciting	/pasjɔnɑ̃/	adjective		9165	Ça va être super et passionnant d'y être.	It's going to be great and exciting to be there.
villageois	villager	/vilaʒwa/	noun		9167	Les villageois sont tous au courant de l'accident.	All the villagers know of the accident.
graine	seed	/gʁɛn/	noun		9199	Si tu plantes une graine de pommier, elle pourrait devenir un arbre.	If you plant an apple seed, it might grow into a tree.
distraction	distraction	/distʁaksjɔ̃/	noun		9228	C‘est une distraction.	It's a distraction.
pâté	block	/pate/	noun		9247	J'ai marché autour du pâté de maisons.	I walked around the block.
pagaille	mess	/pagaj/	noun		9252	Je savais que vous sèmeriez la pagaille.	I knew you'd mess things up.
virage	curve	/viʁaʒ/	noun		9253	Sa voiture se mit à tournoyer dans le virage.	His car spun out of control going around the curve.
moutarde	mustard	/mutaʁd/	noun		9256	Cela fait un moment que je n'ai rien mangé avec de la moutarde.	It's been a while since I've eaten anything with mustard.
bridge	bridge	/bʁidʒ/	noun		9258	Vous avez besoin d'un bridge provisoire.	You'll need a temporary bridge.
bâtir	to build	/batiʁ/	verb		9259	Ils disposent de suffisamment de capital pour bâtir une seconde usine.	They have enough capital to build a second factory.
jardinier	gardener	/ʒaʁdinje/	noun		9260	J'ai fait planter quelques arbres par le jardinier.	I had the gardener plant some trees.
cafétéria	cafeteria	/kafeteʁja/	noun		9267	Il y a une cafétéria à l'université.	There is a cafeteria in the university.
émotionnel	emotional	/emosjɔnel/	adjective		9274	J'ai été un peu émotionnel.	I was a bit emotional.
tricher	to cheat	/tʁiʃe/	verb		9278	C'est mal de tricher aux jeux de cartes.	It is wrong to cheat at cards.
raccourci	shortcut	/ʁakuʁsi/	noun		9282	C'est un raccourci.	It's a shortcut.
fourchette	fork	/fuʁʃɛt/	noun		9285	Les dents de la fourchette ont été tordues.	The tines of the fork are bent.
transition	transition	/tʁɑ̃zisjɔ̃/	noun		9296	La transition ne sera pas facile.	The transition won't be easy.
ignorance	ignorance	/iɲɔʁɑ̃s/	noun		9297	Elle tire souvent profit de son ignorance.	She often takes advantage of his ignorance.
morsure	bite	/mɔʁsyʁ/	noun		9306	Heureusement, la morsure de requin n'a pas touché d'artère majeure.	Fortunately, the shark bite didn't hit any major arteries.
sermon	sermon	/sɛʁmɔ̃/	noun		9312	Aucun pécheur n'est jamais sauvé après les vingt premières minutes d'un sermon.	No sinner is ever saved after the first twenty minutes of a sermon.
coût	cost	/ku/	noun		9327	Le coût de la vie s'est élevé.	The cost of living has risen.
faucon	hawk	/fokɔ̃/	noun		9331	Le faucon attrapa une souris.	The hawk caught a mouse.
croyable	believable	/kʁwajabl/	adjective		9348	C'est à peine croyable.	That's hardly believable.
cerf	deer	/sɛʁ/	noun		9351	S'agit-il d'un cerf ?	Is it a deer?
musical	musical	/myzikal/	adjective		9379	Nous ne sommes pas tous nés avec un talent musical.	Not all of us are born with musical talent.
invincible	invincible	/ɛ̃vɛ̃sibl/	adjective		9382	Je ne suis pas invincible.	I'm not invincible.
bouc	goatee	/buk/	noun		9383	Tom dit qu'il pourrait teindre son bouc en rouge et vert pour Noël.	Tom says he might dye his goatee red and green for Christmas.
limonade	lemonade	/limɔnad/	noun		9386	Lorsque la vie te procure des citrons, fais de la limonade.	When life gives you lemons, make lemonade.
farine	flour	/faʁin/	noun		9398	La farine est faite à partir du blé.	Flour is made from wheat.
naïf	naive	/naif/	adjective		9409	Ça a été naïf de ma part.	That was naive of me.
bavarder	to chatter	/bavaʁde/	verb		9410	Arrête de bavarder et termine ton travail.	Stop chattering and finish your work.
labyrinthe	maze	/labiʁɛ̃t/	noun		9420	Le garçon ne pouvait trouver son chemin hors du labyrinthe.	The boy could not find his way out of the maze.
lecteur	player	/lɛktœʁ/	noun		9428	Je veux un lecteur MP3 !	I want an MP3 player!
entrevue	interview	/ɑ̃tʁəvy/	noun		9434	Il a eu une entrevue avec le Premier ministre.	He had an interview with the Prime Minister.
reflet	reflection	/ʁəflɛ/	noun		9439	J'ai vu mon reflet dans la vitre.	I saw my reflection in the window.
consentement	consent	/kɔ̃sɑ̃tmɑ̃/	noun		9440	J'ai pu obtenir le consentement de mes parents pour mon mariage.	I was able to get my parents to consent to my marriage.
vingtaine	twenties	/vɛ̃tɛn/	noun		9443	Elle doit encore être dans la vingtaine.	She must still be in her twenties.
phare	lighthouse	/faʁ/	noun		9452	Veux-tu encore aller jusqu'au phare ?	Do you still want to go to the lighthouse?
baguette	wand	/bagɛt/	noun		9472	Le sorcier agita sa baguette magique et disparut dans le néant.	The wizard waved his magic wand and disappeared into thin air.
poney	pony	/pɔnɛ/	noun		9476	Un poney est un petit cheval.	A pony is a small horse.
confiant	confident	/kɔ̃fjɑ̃/	adjective		9483	Il est confiant dans ses capacités.	He is confident of his ability.
ampoule	light bulb	/ɑ̃pul/	noun		9484	Qui peut me dire comment une ampoule fonctionne ?	Who can tell me how a light bulb works?
psychologue	psychologist	/psikɔlɔg/	noun		9490	Le psychologue m'a posé toute une batterie de questions.	The psychologist asked me a whole battery of questions.
persuader	to persuade	/pɛʁsɥade/	verb		9498	Il est absurde d'essayer de le persuader.	It is absurd trying to persuade him.
grade	rank	/gʁad/	noun		9499	Il atteignit le grade de général.	He reached the rank of general.
neutre	neutral	/nøtʁ/	adjective		9509	La Suisse est un pays neutre.	Switzerland is a neutral country.
septième	seventh	/sɛtjɛm/	noun		9510	Le septième jour de la semaine, c'est le samedi.	The seventh day of the week is Saturday.
sifflet	whistle	/siflɛ/	noun		9511	Le sifflet du train à vapeur nous réveilla au point du jour.	The whistle of the steam train woke us at daybreak.
approbation	approval	/apʁɔbasjɔ̃/	noun		9527	Je n'embaucherai personne sans votre approbation.	I won't hire anyone without your approval.
veau	calf	/vo/	noun		9542	Le boucher dépeça la carcasse du veau.	The butcher cut up the calf's carcass.
adolescent	teenager	/adɔlesɑ̃/	noun		9552	Un adolescent agit parfois comme un bébé.	A teenager sometimes acts like a baby.
capote	hood	/kapɔt/	noun		9561	Comment est-ce que je déploie la capote ?	How do I open the hood?
mélodie	melody	/melɔdi/	noun		9575	J'aime la mélodie de cette chanson.	I like the melody of this song.
négociation	negotiation	/negɔsjasjɔ̃/	noun		9576	Nous voulons mettre fin à cette négociation.	We want to break off this negotiation.
ketchup	ketchup	/kɛtʃœp/	noun		9585	J'aimerais avoir le ketchup à part.	I'd like to have ketchup on the side.
déprimant	depressing	/depʁimɑ̃/	adjective		9602	C'est si déprimant.	That's so depressing.
critiquer	to criticize	/kʁitike/	verb		9614	Il est toujours en train de critiquer les autres.	He constantly criticizes other people.
ôter	to take	/ote/	verb		9623	Ne vas-tu pas ôter ton manteau ?	Aren't you going to take your coat off?
mécanisme	mechanism	/mekanism/	noun		9632	Le mécanisme de fermeture s'est coincé.	The locking mechanism has jammed.
manifestation	demonstration	/manifɛstasjɔ̃/	noun		9689	Presque mille personnes ont participé à cette manifestation.	Nearly a thousand people participated in the demonstration.
saignement	bleeding	/sɛɲmɑ̃/	noun		9698	Je suis parvenu à arrêter le saignement.	I've managed to stop the bleeding.
schéma	pattern	/ʃema/	noun		9704	Je commence à distinguer un schéma.	I'm beginning to see a pattern.
opposer	to oppose	/ɔpoze/	verb		9706	Vous n'avez pas le droit de vous opposer à nos plans.	You have no right to oppose our plan.
indigne	unworthy	/ɛ̃diɲ/	adjective		9707	Cet homme est indigne de toi.	That man is unworthy of you.
élan	elk	/elɑ̃/	noun		9714	Est-ce un élan ?	Is it an elk?
tentation	temptation	/tɑ̃tasjɔ̃/	noun		9718	Il n'a jamais cédé à la tentation.	He never gave in to temptation.
fatal	fatal	/fatal/	adjective		9719	Un lapsus est parfois fatal pour les politiciens.	A slip of the tongue is sometimes fatal to a politician.
strictement	strictly	/stʁiktəmɑ̃/	adverb		9734	Strictement parlant, la tomate est un fruit.	Strictly speaking, the tomato is a fruit.
gène	gene	/ʒɛn/	noun		9740	Certaines maladies sont causées par un gène défectueux.	Some diseases are caused by a defective gene.
orphelin	orphan	/ɔʁfəlɛ̃/	noun		9750	Le couple décida d'adopter un orphelin.	The couple decided to adopt an orphan.
interprète	interpreter	/ɛ̃tɛʁpʁɛt/	noun		9753	C'est un interprète dans une banque internationale.	He's an interpreter in an international bank.
injustice	injustice	/ɛ̃ʒystis/	noun		9773	Une injustice où qu'elle soit est une menace pour la justice partout.	Injustice anywhere is a threat to justice everywhere.
lueur	glow	/lɥœʁ/	noun		9777	L'abat-jour vert jette une lueur chaude dans la pièce.	The green lampshade casts a warm glow in the room.
triangle	triangle	/tʁijɑ̃gl/	noun		9780	La somme des angles d'un triangle vaut 180 degrés.	The sum of all the angles in a triangle equals 180 degrees.
remuer	to stir	/ʁəmɥe/	verb		9786	N'oublie pas de remuer le ragoût.	Don't forget to stir the stew.
provisoire	temporary	/pʁɔvizwaʁ/	adjective		9790	Vous avez besoin d'un bridge provisoire.	You'll need a temporary bridge.
retarder	to delay	/ʁətaʁde/	verb		9793	Le temps va retarder le départ de la course.	The weather will delay the start of the race.
immortel	immortal	/imɔʁtɛl/	adjective		9798	L'esprit d'une personne est immortel.	A person's soul is immortal.
compréhensible	understandable	/kɔ̃pʁeɑ̃sibl/	adjective		9819	Sa colère est compréhensible.	Her anger is understandable.
gratter	to scratch	/gʁate/	verb		9830	J'ai envie de me gratter le nez.	I want to scratch my nose.
nécessairement	necessarily	/nesesɛʁmɑ̃/	adverb		9835	Les jolies fleurs ne sentent pas nécessairement bon.	Pretty flowers do not necessarily smell sweet.
talentueux	talented	/talɑ̃tɥø/	adjective		9839	C'est un homme très talentueux.	He's a very talented man.
parlement	parliament	/paʁləmɑ̃/	noun		9848	Le gouvernement tomba après un vote au parlement.	The government collapsed after a vote in parliament.
récit	story	/ʁesi/	noun		9859	Le récit est plein de lacunes.	The story is full of holes.
obscur	obscure	/ɔpskyʁ/	adjective		9864	Le sens de cette phrase est obscur.	The meaning of this sentence is obscure.
tomate	tomato	/tɔmat/	noun		9870	Strictement parlant, la tomate est un fruit.	Strictly speaking, the tomato is a fruit.
bruyant	noisy	/bʁɥijɑ̃/	adjective		9875	C'est bruyant à la porte d'à côté.	It's noisy next door.
nécessité	need	/nesesite/	noun		9892	L'information sera délivrée en fonction de la nécessité.	Information will be provided on a need-to-know basis.
biologie	biology	/bjɔlɔʒi/	noun		9902	Il travaille dans le domaine de la biologie.	He is working in the field of biology.
millionnaire	millionaire	/miljɔnɛʁ/	noun		9904	Vous n'avez pas l'air d'un millionnaire.	You don't look like a millionaire.
dortoir	dormitory	/dɔʁtwaʁ/	noun		9913	Mon collège comporte un dortoir.	My college has a dormitory.
marketing	marketing	/maʁkətiŋ/	noun		9914	C'est le patron du marketing.	He is the head of marketing.
volcan	volcano	/vɔlkɑ̃/	noun		9925	Ce volcan entre en éruption à intervalles réguliers.	The volcano erupts at regular intervals.
squelette	skeleton	/skəlɛt/	noun		9932	Chaque famille a un squelette dans son placard.	Every family has a skeleton in the closet.
brique	brick	/bʁik/	noun		9940	Quelqu'un a lancé une brique à travers ma fenêtre.	Somebody threw a brick through my window.
recommandation	recommendation	/ʁəkɔmɑ̃dasjɔ̃/	noun		9941	Merci pour votre recommandation.	Thank you for your recommendation.
secrètement	secretly	/səkʁɛtmɑ̃/	adverb		9948	Il a été secrètement amoureux d'elle.	He has been secretly in love with her.
malle	trunk	/mal/	noun		9953	Monte à l'étage et descends-moi ma malle.	Go upstairs and bring down my trunk.
employeur	employer	/ɑ̃plwajœʁ/	noun		9956	La gamine s'envola avec l'argent de son employeur.	The girl made off with her employer's money.
consacrer	to devote	/kɔ̃sakʁe/	verb		9983	Je veux consacrer ma vie à l'éducation.	I want to devote my life to education.
procédé	process	/pʁɔsede/	noun		9992	Je lui ai expliqué le procédé.	I explained the process to him.
divers	various	/divɛʁ/	adjective		9993	Nous avons parlé de divers sujets.	We talked about various topics.
gaspiller	to waste	/gaspije/	verb		9997	Nous ne devons pas gaspiller nos ressources énergétiques.	We mustn't waste our energy resources.
noyau	nucleus	/nwajo/	noun		10003	Il y a beaucoup d'énergie emprisonnée dans le noyau.	A great deal of energy is locked up in the nucleus.
acceptable	acceptable	/aksɛptabl/	adjective		10041	Je trouve cela tout à fait acceptable.	That would be quite acceptable.
pôle	pole	/pol/	noun		10047	Est-ce que les pingouins vivent au pôle Nord ?	Do penguins live at the North Pole?
délibérément	deliberately	/delibeʁemɑ̃/	adverb		10055	Elle l'a délibérément exposé au danger.	She deliberately exposed him to danger.
finance	finance	/finɑ̃s/	noun		10063	Tom a prétendu être un expert de la finance.	Tom claimed to be an expert in finance.
talon	heel	/talɔ̃/	noun		10070	Il écrasa l'insecte du talon.	He squashed the insect with the heel of his foot.
rajouter	to add	/ʁaʒute/	verb		10088	Il est désormais nécessaire de rajouter une nouvelle règle.	It is now necessary to add another rule.
abeille	bee	/abɛj/	noun		10097	Tu es toujours aussi affairé qu'une abeille.	You are always as busy as a bee.
embarras	embarrassment	/ɑ̃baʁa/	noun		10098	Il remarqua son embarras.	He noticed her embarrassment.
lézard	lizard	/lezaʁ/	noun		10103	Elle a un lézard tatoué sur la cuisse.	She has a tattoo of a lizard on her thigh.
anxiété	anxiety	/ɑ̃ksjete/	noun		10141	Son anxiété était visible par tous.	Her anxiety was apparent to everyone.
flirter	to flirt	/flœʁte/	verb		10143	Tom a commencé à flirter avec Marie.	Tom began flirting with Mary.
décoration	decoration	/dekɔʁasjɔ̃/	noun		10164	Il a étudié la décoration d'intérieur.	He studied interior decoration.
tornade	tornado	/tɔʁnad/	noun		10169	La tornade laissa une traînée de destruction dans son sillage.	The tornado left a trail of destruction in its wake.
camper	to camp	/kɑ̃pe/	verb		10180	Je suis allé camper en famille.	I went camping with my family.
fossé	ditch	/fose/	noun		10192	Il sauta par-dessus le fossé peu profond.	He leaped over the shallow ditch.
régulier	regular	/ʁegylje/	adjective		10194	Ils garantirent un emploi régulier à leurs salariés.	They guaranteed regular employment to their workers.
ragoût	stew	/ʁagu/	noun		10206	Je ne sais pas comment faire du ragoût.	I don't know how to make stew.
terminal	terminal	/tɛʁminal/	noun		10210	Où est le terminal sud ?	Where is the south terminal?
omelette	omelet	/ɔmlɛt/	noun		10228	Je ne sais même pas cuisiner une omelette.	I can't even cook an omelet.
imiter	to imitate	/imite/	verb		10231	Cet oiseau peut imiter la voix humaine.	This bird can imitate the human voice.
marathon	marathon	/maʁatɔ̃/	noun		10236	Elle est capable de courir un marathon.	She can run a full marathon.
implication	implication	/ɛ̃plikasjɔ̃/	noun		10270	Je rechigne à cette implication.	I resent that implication.
étagère	shelf	/etaʒɛʁ/	noun		10279	Vous avez trop de livres sur cette étagère.	You have too many books on the shelf.
poteau	pole	/pɔto/	noun		10290	L'ingénieur grimpa le long du poteau téléphonique.	The engineer climbed the telephone pole.
compteur	meter	/kɔ̃tœʁ/	noun		10321	Je lui ai demandé de relever les chiffres du compteur.	I asked her to slowly read off the numbers on the meter.
gorgée	sip	/gɔʁʒe/	noun		10323	Elle a pris une gorgée de sa boisson.	She took a sip of her drink.
annuaire	directory	/anɥɛʁ/	noun		10336	J'ai cherché son numéro de téléphone dans un annuaire.	I looked up his telephone number in a telephone directory.
vanille	vanilla	/vanij/	noun		10360	Deux glaces à la vanille s'il vous plaît.	Two vanilla ice creams please.
lumineux	bright	/lyminø/	adjective		10364	Le ciel était lumineux et dégagé.	The sky was bright and clear.
majordome	butler	/maʒɔʁdɔm/	noun		10377	Il a un majordome et un cuisinier.	He has a butler and a cook.
vocation	calling	/vɔkasjɔ̃/	noun		10381	Pour moi, être médecin n'est pas un emploi, c'est une vocation.	For me, being a doctor isn't a job, it's a calling.
banquet	banquet	/bɑ̃kɛ/	noun		10383	J'ai vu quelques invités quitter la salle du banquet.	I saw some of the guests leave the banquet room.
audacieux	bold	/odasjø/	adjective		10392	Tu dois être audacieux !	You've got to be bold!
impitoyable	ruthless	/ɛ̃pitwajabl/	adjective		10423	Je n'avais pas idée que vous étiez si impitoyable.	I had no idea you were so ruthless.
étroit	narrow	/etʁwa/	adjective		10437	Je ne suis pas étroit d'esprit.	I'm not narrow-minded.
planifier	to plan	/planifje/	verb		10454	Il est temps de planifier.	It's time to plan ahead.
rap	rap	/ʁap/	noun		10469	Tu aimes le rap ?	Do you like rap?
robinet	tap	/ʁɔbinɛ/	noun		10476	Ne bois pas l'eau du robinet.	Don't drink the tap water.
marionnette	puppet	/maʁjɔnɛt/	noun		10487	Une marionnette ne sait pas qu'elle est manipulée.	A puppet does not know that it is being controlled.
frein	brake	/fʁɛ̃/	noun		10488	Le frein n'a pas fonctionné.	The brake didn't work.
coureur	runner	/kuʁœʁ/	noun		10500	Je suis le coureur le plus rapide.	I am the fastest runner.
consommation	drink	/kɔ̃sɔmasjɔ̃/	noun		10501	Votre consommation d'alcool commence à affecter la performance de vos services.	Your drinking is starting to affect the performance of your duties.
manuscrit	manuscript	/manyskʁi/	noun		10545	Peux-tu traduire ce manuscrit du français à l'anglais ?	Can you translate this manuscript from French to English?
fonctionnaire	official	/fɔ̃ksjɔnɛʁ/	noun		10554	Le fonctionnaire ne pouvait traiter lui-même la plainte.	The official could not deal with the complaint himself.
mentalement	mentally	/mɑ̃talmɑ̃/	adverb		10559	Tu dois être mentalement épuisé.	You must be mentally exhausted.
ruisseau	stream	/ʁɥiso/	noun		10574	Il s'est assis au bord du ruisseau.	He sat at the edge of the stream.
numérique	digital	/nymeʁik/	adjective		10577	Mon téléphone portable a un appareil photo numérique intégré.	My cell phone has a built-in digital camera.
filtre	filter	/filtʁ/	noun		10579	Dans les piscines, l'eau est continuellement pompée à travers un filtre.	In swimming pools, water is continuously pumped through a filter.
travailleur	worker	/tʁavajœʁ/	noun		10581	J'ai toujours été un travailleur acharné.	I've always been a hard worker.
cuisse	thigh	/kɥis/	noun		10593	Elle a un lézard tatoué sur la cuisse.	She has a tattoo of a lizard on her thigh.
levier	lever	/ləvje/	noun		10596	Tu peux ajuster la hauteur du siège en utilisant le levier de réglage.	You can adjust the seat height by moving the adjustment lever up.
effectuer	to make	/efektɥe/	verb		10619	Puis-je effectuer des copies ?	Can I make copies?
fondateur	founder	/fɔ̃datœʁ/	noun		10637	L'université porte le nom de son fondateur.	The university bears the name of its founder.
entente	understanding	/ɑ̃tɑ̃t/	noun		10659	Tom et Mary sont parvenus à une entente.	Tom and Mary came to an understanding.
corbeau	crow	/kɔʁbo/	noun		10679	Le corbeau est aussi noir que du charbon.	A crow is as black as coal.
féroce	fierce	/feʁɔs/	adjective		10687	Une bataille féroce s'est déroulée ici.	A fierce battle was fought here.
coquille	shell	/kɔkij/	noun		10714	La coquille d'un œuf se casse facilement.	The shell of an egg is easily broken.
négligence	carelessness	/negliʒɑ̃s/	noun		10744	Cet accident a été dû à sa négligence.	That accident was due to his carelessness.
aquarium	aquarium	/akwaʁjɔm/	noun		10745	Il y a cinq poissons dans mon aquarium.	There are five fish in my aquarium.
nickel	nickel	/nikɛl/	noun		10752	Le nickel est un métal dur, d'une lueur argentée.	Nickel is a hard, bright silver metal.
rangée	line	/ʁɑ̃ʒe/	noun		10757	S'il vous plait, gardez ma place dans cette rangée.	Please keep my place in this line.
politesse	politeness	/pɔlitɛs/	noun		10779	Ils prirent ma politesse pour de l'amitié.	They mistook my politeness for friendship.
étang	pond	/etɑ̃/	noun		10791	Il y a un étang au milieu du parc.	There is a pond in the middle of the park.
distinguer	to distinguish	/distɛ̃ge/	verb		10808	Tu dois savoir distinguer le bien du mal.	You should distinguish between right and wrong.
trancher	to cut	/tʁɑ̃ʃe/	verb		10809	Nous devons trancher dans nos dépenses.	We must cut down our expenses.
locataire	renter	/lɔkatɛʁ/	noun		10813	Il sera facile de trouver un locataire pour cette maison.	It'll be easy to find a renter for this house.
dynamique	dynamic	/dinamik/	adjective		10814	C'est l'interaction dynamique entre les personnages qui rend ce roman si bon.	It's the dynamic interaction between the characters that makes this novel so great.
jogging	jogging	/dʒɔgiŋ/	noun		10842	Il entretient sa jeunesse grâce au jogging.	He keeps his youth by jogging.
chaleureux	warm	/ʃalœʁø/	adjective		10844	Le nouveau président était un homme chaleureux et amical.	The new president was a warm and friendly man.
détermination	determination	/detɛʁminasjɔ̃/	noun		10849	J'admire votre persévérance et votre détermination.	I admire your perseverance and determination.
débutant	beginner	/debytɑ̃/	noun		10850	Il s'en est bien sorti pour un débutant.	He did well for a beginner.
raisonner	to reason	/ʁɛzɔne/	verb		10868	On ne peut raisonner avec un ivrogne.	It's impossible to reason with a drunk.
audace	audacity	/odas/	noun		10875	Je suis étonné par ton audace.	I am amazed at your audacity.
coriace	tough	/kɔʁjas/	adjective		10895	C'est une coriace.	She's a tough one.
inspecter	to inspect	/ɛ̃spɛkte/	verb		10915	On m'a autorisé à inspecter cet équipement.	I've been given permission to inspect this equipment.
durement	hard	/dyʁmɑ̃/	adverb		10920	Je l'ai acquis avec mon argent durement gagné.	I bought it with my hard-earned money.
fraise	strawberry	/fʁɛz/	noun		10922	Nous n'avons pas de glace à la fraise.	We don't have any strawberry ice cream.
sédatif	sedative	/sedatif/	noun		10947	L'infirmière a donné un sédatif à Tom.	The nurse has given Tom a sedative.
renaissance	renaissance	/ʁənɛsɑ̃s/	noun		10949	Auriez-vous des peintures de la Renaissance ?	Do you have renaissance paintings?
chargeur	charger	/ʃaʁʒœʁ/	noun		10962	J'ai laissé mon chargeur à la maison.	I've left my charger at home.
mutuellement	each other	/mytɥɛlmɑ̃/	adverb		10972	Je pense que nous pouvons mutuellement nous aider.	I think we can help each other.
incontrôlable	uncontrollable	/ɛ̃kɔ̃tʁolabl/	adjective		10975	Il a un caractère incontrôlable.	He has an uncontrollable temper.
trentaine	thirties	/tʁɑ̃tɛn/	noun		10982	Il est au début de la trentaine.	He is in his early thirties.
mécanicien	mechanic	/mekanisjɛ̃/	noun		10991	Le mécanicien assembla le moteur.	The mechanic assembled the engine.
favoris	sideburns	/favɔʁi/	noun		11025	Puis-je vous raser les favoris ?	May I shave your sideburns?
difficilement	with difficulty	/difisilmɑ̃/	adverb		11032	Ils répondirent difficilement à la question de leur professeur.	They answered their teacher's question with difficulty.
réciproque	mutual	/ʁesipʁɔk/	adjective		11057	Le sentiment est réciproque.	The feeling is mutual.
dérangement	trouble	/deʁɑ̃ʒmɑ̃/	noun		11082	Ça ne vaut pas le dérangement.	It is not worth the trouble.
pente	slope	/pɑ̃t/	noun		11094	Nous avons dévalé la pente à ski.	We skied down the slope.
comète	comet	/kɔmɛt/	noun		11118	C'est ainsi qu'il découvrit la comète.	That's how he discovered the comet.
flanc	side	/flɑ̃/	noun		11119	Il y avait un cottage sur le flanc de la colline.	There was a cottage on the side of the hill.
emprunt	loan	/ɑ̃pʁœ̃/	noun		11126	Il a remboursé son emprunt à la banque.	He paid his loan back to the bank.
relaxer	to relax	/ʁəlakse/	verb		11140	Avant de rentrer, je prendrais bien un verre pour relaxer.	Before going home, I have a few drinks to relax.
perroquet	parrot	/peʁɔkɛ/	noun		11158	Un perroquet peut imiter la voix d'une personne.	A parrot can mimic a person's voice.
attirant	attractive	/atiʁɑ̃/	adjective		11174	Vous êtes tout à fait attirant.	You're quite attractive.
commotion	concussion	/kɔmɔsjɔ̃/	noun		11183	Ma fille a eu une commotion.	My daughter had a concussion.
temporairement	temporarily	/tɑ̃pɔʁɛʁmɑ̃/	adverb		11209	Pour cause de brouillard, la circulation est temporairement suspendue.	Due to the fog, traffic is temporarily suspended.
pyramide	pyramid	/piʁamid/	noun		11222	Il est au Mexique une pyramide, plus grande que toutes celles d'Égypte.	There's a pyramid in Mexico bigger than any of those in Egypt.
chope	mug	/ʃɔp/	noun		11250	Quelqu'un a-t-il vu ma chope à bière ?	Has anybody seen my beer mug?
publiquement	publicly	/pyblikmɑ̃/	adverb		11253	Il m'a insulté publiquement.	He publicly insulted me.
catalogue	catalogue	/katalɔg/	noun		11261	S'il vous plait, envoyez-moi un catalogue.	Please send me a catalogue.
prometteur	promising	/pʁɔmɛtœʁ/	adjective		11278	C'est un jeune homme d'affaires prometteur.	He is a promising young businessman.
manquant	missing	/mɑ̃kɑ̃/	adjective		11283	L'un de mes sacs est manquant.	One of my bags is missing.
chaussette	sock	/ʃosɛt/	noun		11305	Il y a un trou dans sa chaussette.	There is a hole in his sock.
capot	hood	/kapo/	noun		11329	La voiture avait deux larges bandes peintes sur le capot et le coffre.	The car had two broad stripes painted on the hood and the trunk.
emballage	packaging	/ɑ̃balaʒ/	noun		11334	Cet emballage est difficile à retirer.	This packaging is hard to remove.
séparément	separately	/sepaʁemɑ̃/	adverb		11370	Peux-tu les emballer séparément ?	Could you wrap them up separately?
tracteur	tractor	/tʁaktœʁ/	noun		11371	Puis-je conduire le tracteur?	Can I drive the tractor?
mosquée	mosque	/mɔske/	noun		11399	La mosquée a été incendiée au milieu de la nuit.	The mosque was torched in the middle of the night.
improbable	unlikely	/ɛ̃pʁɔbabl/	adjective		11404	Je suis tombé amoureux dans un endroit improbable.	I fell in love in an unlikely place.
prévisible	predictable	/pʁevizibl/	adjective		11416	Ce n'est pas prévisible.	It's not predictable.
fluide	fluid	/flɥid/	noun		11425	Ce fluide peut remplacer la colle.	This fluid can be substituted for glue.
revers	lapel	/ʁəvɛʁ/	noun		11447	L'homme de grande taille portait un œillet rose au revers.	The tall man wore a pink carnation in his lapel.
poêle	pan	/pwal/	noun		11455	Où se trouve le couvercle de la poêle ?	Where's the pan lid?
gendre	son-in-law	/ʒɑ̃dʁ/	noun		11458	Son gendre est complètement rétabli.	His son-in-law completely recovered from his illness.
intimider	to intimidate	/ɛ̃timide/	verb		11469	Vous ne pouvez pas nous intimider.	You can't intimidate us.
déménagement	move	/demenaʒmɑ̃/	noun		11481	Je suis excité à l'idée du déménagement.	I'm excited about the move.
portière	door	/pɔʁtjɛʁ/	noun		11495	Un voleur professionnel peut crocheter une portière de voiture en un rien de temps.	A professional thief can jimmy a car door in no time.
moralité	morality	/mɔʁalite/	noun		11512	Les gouvernements ne devraient pas se mêler de légiférer la moralité.	Governments should not be in the business of legislating morality.
perception	perception	/pɛʁsɛpsjɔ̃/	noun		11528	J'ai peur que ma perception de la profondeur soit très mauvaise.	I'm afraid my depth perception is very poor.
velours	velvet	/vəluʁ/	noun		11537	Cette étoffe fait l'effet du velours.	This cloth feels like velvet.
pertinent	pertinent	/pɛʁtinɑ̃/	adjective		11538	Ce n'est pas pertinent.	It's not pertinent.
broche	brooch	/bʁɔʃ/	noun		11551	Elle porte une broche.	She is wearing a brooch.
pneumonie	pneumonia	/pnømɔni/	noun		11557	Ma femme souffre d'une pneumonie.	My wife is suffering from pneumonia.
saké	sake	/sake/	noun		11577	On fait le saké à partir du riz.	We make sake from rice.
subtil	subtle	/syptil/	adjective		11578	Il nous faut quelque chose d'un peu plus subtil.	We need something a bit more subtle.
imprimer	to print	/ɛ̃pʁime/	verb		11579	Il reste peu d'encre pour imprimer.	Printing ink is in short supply.
éventuellement	possibly	/evɑ̃tɥɛlmɑ̃/	adverb		11587	Il pourrait éventuellement redire quelque chose d'ambigu.	He might possibly say something ambiguous again.
attentif	careful	/atɑ̃tif/	adjective		11595	Un lecteur attentif aurait noté l'erreur.	A careful reader would have noticed the mistake.
éruption	rash	/eʁypsjɔ̃/	noun		11655	Une éruption cutanée se développa sur son cou.	A rash broke out on her neck.
recouvert	covered	/ʁəkuvɛʁ/	adjective		11657	Il était recouvert partout de peinture blanche.	He was covered all over with white paint.
irrésistible	irresistible	/iʁezistibl/	adjective		11718	Il l'a trouvée irrésistible.	He found her irresistible.
étalon	standard	/etalɔ̃/	noun		11765	De nombreux Étasuniens voulaient un étalon or.	Many Americans wanted a gold standard.
larme	tear	/laʁm/	noun		11769	Une larme coula le long de sa joue.	A tear ran down her cheek.
strict	strict	/stʁikt/	adjective		11770	Elle lui conseilla d'entreprendre un régime strict.	She advised him to go on a strict diet.
légion	legion	/leʒjɔ̃/	noun		11781	Il s'est engagé dans la Légion étrangère.	He enlisted in the Foreign Legion.
bravoure	bravery	/bʁavuʁ/	noun		11783	La frontière est ténue entre la bravoure et la stupidité.	There's a fine line between bravery and stupidity.
croquis	sketch	/kʁɔki/	noun		11810	Fais un croquis de ta maison.	Make a sketch of your house.
choquant	shocking	/ʃɔkɑ̃/	adjective		11822	C'est choquant, n'est-ce pas ?	It's shocking, isn't it?
imitation	imitation	/imitasjɔ̃/	noun		11844	C'est une imitation.	That's an imitation.
ramper	to crawl	/ʁɑ̃pe/	verb		11846	Il m'a fallu ramper sous la barrière.	I had to crawl under the fence.
réveillon	eve	/ʁevɛjɔ̃/	noun		11859	Faites-vous quelque chose de particulier pour le réveillon du Nouvel An ?	Are you doing anything special for New Year's Eve?
golfe	gulf	/gɔlf/	noun		11867	Historiquement, le golfe Persique appartient à l'Iran.	Historically, the Persian Gulf belongs to Iran.
monument	monument	/mɔnymɑ̃/	noun		11874	Un monument a été érigé en mémoire des défunts.	A monument has been erected to the memory of the deceased.
tarif	tariff	/taʁif/	noun		11882	Nous espérons baisser le tarif.	We hope to lower the tariff.
mouiller	to get wet	/muje/	verb		11900	Les chats ont horreur de se mouiller.	Cats hate to get wet.
limiter	to limit	/limite/	verb		11911	Veuillez limiter votre présentation à trente minutes.	Please limit your presentation to 30 minutes.
vaguement	vaguely	/vagmɑ̃/	adverb		11914	Je me rappelle vaguement de lui.	I vaguely remember meeting him.
mercure	mercury	/mɛʁkyʁ/	noun		11941	Le mercure est-il véritablement un métal ?	Is mercury really a metal?
enfiler	to thread	/ɑ̃file/	verb		11954	Mes mains tremblaient trop pour enfiler l'aiguille.	My hands were shaking too much to thread the needle.
clarifier	to clarify	/klaʁifje/	verb		11990	Nous avons besoin de clarifier quelques détails.	We need to clarify a few details.
tailler	to trim	/taje/	verb		11994	Je pensais t'avoir dit de tailler ta barbe.	I thought I told you to trim your beard.
disco	disco	/disko/	noun		11997	J'aime le disco.	I like disco music.
subitement	all of a sudden	/sybitmɑ̃/	adverb		12000	Ces lumières s'éteignirent subitement.	All of a sudden, the lights went on.
traditionnel	traditional	/tʁadisjɔnɛl/	adjective		12021	Le nô est un art traditionnel japonais.	Noh is a traditional Japanese art.
